"atopid","dem.prop","joint.democ","avg.democ","max.democ","min.democ","avg.democ.weight","max.democ.weight","min.democ.weight","max.threat","min.threat","mean.threat","maxcap.democ.min","maxcap.democ.max","prop.comp","prop.rec","prop.cons","maxcap.cons","maxcap.rec","maxcap.comp"
1020,0,0,-9.4,-7,-10,-1.91539595377736,-0.124130063399985,-5.45080246049457,0.62001699,0.36288801,0.55903462125,-10,0,0,0,0,0,0,0
1025,0,0,-10,-10,-10,-5,-2.58426404688039,-7.41573595311961,0.740762,0.36288801,0.551825005,-10,0,0,0,0,0,0,0
1030,0,0,-10,-10,-10,-5,-0.208779217882943,-9.79122078211706,0.73276502,0.36288801,0.547826515,-10,0,0,0,0,0,0,0
1035,0,0,-8,-2,-10,-1.44674039476185,-0.816961320910426,-2.5704827396313,0.41431099,0.36288801,0.396555245,-2,0,0,0,0.333333333333333,1,0,0
1040,0,0,-7.5,-6,-9,-3.80630085751727,-2.77479656993093,-4.8378051451036,0.78636301,0.77589101,0.78112701,-9,0,0,0,0,0,0,0
1045,0,0,-5.33333333333333,-2,-10,-1.48791110831797,-0.85944463221946,-2.54251376105522,0.414671,0.414671,0.414671,-2,0,0,0,0.333333333333333,1,0,0
1050,0,0,-10,-10,-10,-5,-1.29362873771646,-8.70637126228354,0.86620599,0.346075,0.606140495,-10,0,0,0,0,0,0,0
1053,0,0,-1,-1,-1,-1,-1,-1,0.71162802,0.71162802,0.71162802,-1,-1,0,0,0,0,0,0
1055,0,0,-1.5,-1,-2,-0.840008813066671,-0.319982373866657,-1.36003525226669,0.565162,0.52974802,0.54745501,-2,0,0,0,0.5,1,0,0
1060,0,0,-2.5,-1,-4,-0.800219224750299,-0.799853850166467,-0.800584599334131,0.52974802,0.432953,0.48135051,-1,0,0,0,0,0,0,0
1065,0,0,-10,-10,-10,-3.33333333333333,-1.70313701302179,-5.43623606813419,0.72584301,0.68965501,0.70897768,-10,0,0,0,0,0,0,0
1070,0,0,-10,-10,-10,-5,-3.38294278513593,-6.61705721486407,0.78468001,0.68115598,0.732917995,-10,0,0,0,0,0,0,0
1075,0,0,-10,-10,-10,-5,-2.52907415726495,-7.47092584273505,0.68965501,0.598778,0.644216505,-10,0,0,0,0,0,0,0
1080,0,0,-10,-10,-10,-5,-3.44784157980399,-6.55215842019601,0.71143502,0.68965501,0.700545015,-10,0,0,0,0,0,0,0
1085,0,0,-10,-10,-10,-5,-3.44784157980399,-6.55215842019601,0.71143502,0.68965501,0.700545015,-10,0,0,0,0,0,0,0
1090,0,0,-10,-10,-10,-5,-2.38555541734769,-7.61444458265231,0.72584301,0.68965501,0.70774901,-10,0,0,0,0,0,0,0
1095,0,0,-10,-10,-10,-3.33333333333333,-1.70313701302179,-5.43623606813419,0.72584301,0.68965501,0.70897768,-10,0,0,0,0,0,0,0
1100,0,0,-3.25,-1,-6,-0.49860386379242,-0.0975376800011794,-1.26596623152647,0.55296201,0.29034799,0.422783495,-2,0,0,0,0.25,1,0,0
1110,0,0,-7.2,3,-10,-0.688647658797811,1.49415403400452,-2.20506349608605,0.40451199,0.185939,0.347535794,0,3,0,0,0.25,1,0,0
1115,0,0,-3.5,3,-10,-0.546417158186083,2.05549977314488,-3.14833408951705,0.556274,0.42386001,0.490067005,0,3,0,0,0.5,1,0,0
1118,0,0,3,3,3,3,3,3,0.571715,0.571715,0.571715,3,3,0,NA,1,1,-Inf,0
1120,0,0,-1,3,-4,0.340694028933879,1.85555761361914,-0.304430013053112,0.53732598,0.26111001,0.403757245,0,3,0,0,0.25,1,0,0
1125,0,0,-10,-10,-10,-5,-0.0858394111965897,-9.91416058880341,0.73286301,0.49468201,0.61377251,-10,0,0,0,0,0,0,0
1130,0,0,-6,-6,-6,-6,-6,-6,0.73222303,0.73222303,0.73222303,-6,-6,NA,NA,NA,-Inf,-Inf,-Inf
1135,0,0,-7.5,-7,-8,-3.72866601035033,-0.579369473457464,-6.8779625472432,0.86199301,0.56762505,0.67515836,-8,0,0,0,0,0,0,0
1140,0,0,-5.66666666666667,-4,-7,-2.01091017384296,-0.108129279208709,-5.31703511438746,0.72084796,0.57752597,0.625299966666667,-6,0,0,0,0,0,0,0
1145,0,0,-7,-6,-8,-3.38302528976979,-3.06420231815834,-3.70184826138124,0.84894502,0.72207302,0.78550902,-6,0,0,0,0,0,0,0
1150,0,0,-6,-6,-6,-6,-6,-6,0.14173299,0.14173299,0.14173299,-6,-6,0,0,0,0,0,0
1155,0,0,-6,-6,-6,-6,-6,-6,0.14173299,0.14173299,0.14173299,-6,-6,0,0,0,0,0,0
1160,0,0,-5,3,-10,-0.297956115235253,1.98736817954428,-1.9768115050761,0.42159599,0.21553,0.35246833,0,3,0,0,0.333333333333333,1,0,0
1165,0,0,-2.5,3,-8,0.00580319248183292,2.18498355953554,-2.17337717457188,0.42159599,0.420279,0.420937495,0,3,0,0,0.5,1,0,0
1170,0,0,-7.5,-6,-9,-3.56314921258802,-3.37889527552812,-3.74740314964792,0.87338299,0.22776,0.550571495,-6,0,0,0,0,0,0,0
1175,0,0,-8,-6,-10,-3.72702137655068,-3.63510688275339,-3.81893587034797,0.22776,0.21553,0.221645,-6,0,0,0,0,0,0,0
1180,0,0,-3.66666666666667,3,-8,-0.293282706568098,1.86097474857192,-1.85108946168025,0.42159599,0.22776,0.356544996666667,0,3,0,0,0.5,1,0,0
1185,0,0,-7,-6,-8,-3.6094320975411,-2.34340741475338,-4.87545678032883,0.420279,0.22776,0.3240195,-8,0,0,0,0,0,0,0
1190,0,0,-3.33333333333333,3,-8,-0.248226673600083,1.95679739312908,-2.56748373994077,0.447402,0.121418,0.338740666666667,0,3,0,0,0.333333333333333,1,0,0
1195,0,0,-3.66666666666667,3,-8,-0.411954231310281,1.775372541548,-2.24792127429933,0.46407101,0.40851599,0.44555267,0,3,0,0,0.5,1,0,0
1200,0,0,-6,-3,-9,-2.06612598268484,-1.69837794805453,-2.43387401731516,0.55136001,0.55136001,0.55136001,-3,0,0,0,0,0,0,0
1205,0,0,-4.5,-3,-6,-2.64974398226351,-0.700512035472973,-4.59897592905405,0.681454,0.565247,0.6233505,-6,0,0,0,0,0,0,0
1210,0,0,-7.5,-7,-8,-3.95182128976865,-0.674501943238923,-7.22914063629837,0.426532,0.37107801,0.398805005,-8,0,0,0,0,0,0,0
1215,0,0,-9,-8,-10,-4.45585255719497,-4.35317954244025,-4.55852557194968,0.45662299,0.37107801,0.4138505,-8,0,0,0,0,0,0,0
1220,0,0,-1,-1,-1,-0.5,-0.0648937904058239,-0.935106209594176,0.37756002,0.37756002,0.37756002,-1,0,0,0,0,0,0,0
1225,0,0,-3.33333333333333,3,-7,-0.0854656478951134,2.00830403138806,-1.96916326494658,0.63286799,0.091848999,0.452528326333333,0,3,0,0,0.5,1,0,0
1227,0,0,-5.5,-4,-7,-1.09746018741359,-0.096430948845307,-2.78757403519552,0.59452003,0.45663199,0.483598326666667,-4,0,0,0,0,0,0,0
1230,0,0,-8.5,-7,-10,-4.35767817218106,-2.99750186315504,-5.71785448120709,0.87459701,0.41346198,0.644029495,-10,0,0,0,0,0,0,0
1235,0,0,-2,-1,-3,-0.755838293975273,-0.744161706024727,-0.767514881925819,0.44920698,0.44920698,0.44920698,-1,0,0,0,0,0,0,0
1240,0,0,-3,-1,-5,-1.99118986339339,-0.254405068303306,-3.72797465848347,0.43718499,0.43718499,0.43718499,-5,0,0,0,0,0,0,0
1245,0,0,-5.5,-4,-7,-2.88227655442765,-1.64726252152627,-4.11729058732902,0.94964898,0.60891503,0.779282005,-7,0,0,0,0,0,0,0
1255,0,0,-4.5,-3,-6,-2.58441729342336,-0.831165413153286,-4.33766917369343,0.47705799,0.47572699,0.47639249,-6,0,0,0,0,0,0,0
1260,0,0,-0.5,0,-1,-0.225686673448627,0,-0.451373346897253,0.51751,0.47572699,0.496618495,0,0,0,0,0,0,0,0
1265,0,0,-5.5,-4,-7,-2.85251435274741,-1.72662839267356,-3.97840031282127,0.87115699,0.35874701,0.614952,-7,0,0,0,0,0,0,0
1270,0,0,-5,-4,-6,-2.65628256787325,-1.374869728507,-3.93769540723949,0.58386403,0.56356204,0.573713035,-6,0,0,0,0,0,0,0
1272,0,0,-5.5,-4,-7,-2.16094866269805,-0.751093759257585,-3.57080356613852,0.56356204,0.48731899,0.525440515,-4,0,0,0,0,0,0,0
1275,0,0,-7,-7,-7,-3.5,-0.132976940234129,-6.86702305976587,0.87115699,0.357602,0.614379495,-7,0,0,0,0,0,0,0
1280,0,0,-7,-7,-7,-3.5,-0.662405790684467,-6.33759420931553,0.87115699,0.48731899,0.67923799,-7,0,0,0,0,0,0,0
1285,0,0,-5.5,-4,-7,-3.46359566446748,-0.0970782280867106,-6.83011310084826,0.87115699,0.48731899,0.67923799,-7,0,0,0,0,0,0,0
1287,0,0,-7,-7,-7,-6.95023924310809,-6.95023924310809,-6.95023924310809,0.87115699,0.357602,0.614379495,-7,0,0,0,0,0,0,0
1290,0,0,-6,-6,-6,-5.90140724898978,-5.90140724898978,-5.90140724898978,0.98297298,0.41157499,0.697273985,-6,0,NA,NA,NA,0,0,0
1295,0,0,-1,3,-5,0.279958933513882,2.08496920013541,-1.52505133310765,0.70409501,0.52696902,0.615532015,0,3,0,NA,1,1,0,0
1300,0,0,0.5,3,-2,0.636944110312295,1.96433293237475,-0.690444711750164,0.60170603,0.52696902,0.564337525,0,3,0,NA,1,1,0,0
1305,0,0,-2,-1,-3,-0.857564977910379,-0.642435022089621,-1.07269493373114,0.59516901,0.59301901,0.59409401,-1,0,0,0,0,0,0,0
1310,0,0,-7,-4,-10,-3.4860642021319,-2.01858106382414,-4.95354734043966,0.813721,0.813721,0.813721,-4,0,0,0,0,0,0,0
1315,0,0,-6,-4,-10,-2.13004936657885,-0.783250553633318,-3.98358016622761,0.813721,0.475324,0.700922,-4,0,0,0,0,0,0,0
1320,0,0,3,3,3,3,3,3,0.66028798,0.66028798,0.66028798,3,3,NA,NA,NA,-Inf,-Inf,-Inf
1325,0,0,-7,-4,-10,-4.27949291831215,-0.960676108917137,-7.59830972770716,0.790196,0.45666301,0.623429505,-10,0,0,0,0,0,0,0
1330,0,0,-3.5,3,-10,0.819633526439184,2.68598470451039,-1.04671765163202,0.78898698,0.27642,0.53270349,0,3,0,0,0.5,1,0,0
1335,0,0,-4,-4,-4,-2,-1.26045882715349,-2.73954117284651,0.22366101,0.22366101,0.22366101,-4,0,0,0,0,0,0,0
1340,0,0,-6,-4,-10,-2.13982346607773,-0.692535846316634,-4.032450663722,0.80308902,0.245882,0.431617673333333,-4,0,0,0,0,0,0,0
1345,0,0,-4.5,-4,-5,-2.0107490634179,-0.10749063417901,-3.91400749265679,0.80308902,0.21647701,0.509783015,-4,0,0,0,0,0,0,0
1350,0,0,-4,-4,-4,-1.33333333333333,-0.701774673813004,-2.30927832819014,0.77371097,0.24132401,0.59624865,-4,0,0,0,0,0,0,0
1355,0,0,-5,-4,-7,-1.35962206038434,-0.18402108935706,-2.74004324975466,0.76662201,0.21137901,0.581120676666667,-4,0,0,0,0,0,0,0
1360,0.333333333333333,0,-0.333333333333333,7,-4,1.20039195765002,4.83711191915004,-0.679717327583422,0.76114702,0.53355801,0.609868683333333,0,7,0,0,0.5,1,0,0
1365,0,0,-2,4,-4,-0.811725909768861,0.376548180462277,-2.12264744678466,0.72955799,0.29751801,0.5238837575,-4,0,0,0,0.333333333333333,0,0,0
1370,0,0,-7,-4,-10,-3.28644844224062,-2.28473541034584,-4.2881614741354,0.72955799,0.209893,0.469725495,-4,0,0,0,0,0,0,0
1375,0.333333333333333,0,-0.333333333333333,7,-4,1.20039195765002,4.83711191915004,-0.679717327583422,0.76114702,0.53355801,0.609868683333333,0,7,0,0,0.5,1,0,0
1380,0.5,0,-1.5,7,-10,-0.842502939556231,3.42382110860075,-5.10882698771321,0.408191,0.408191,0.408191,-10,0,0,0.5,0.5,0,0,0
1385,0.5,0,-1.5,7,-10,-0.873142228468888,3.39858875302562,-5.1448732099634,0.411174,0.411174,0.411174,-10,0,0,0.5,0.5,0,0,0
1390,0,0,1,1,1,0.5,0.903473743106067,0.0965262568939333,0.38936,0.38936,0.38936,0,1,0,0,1,1,0,0
1395,0,0,-8,-6,-10,-3.93346616759428,-3.19960149721717,-4.66733083797138,0.401227,0.382327,0.391777,-6,0,0,0,0,0,0,0
1400,0.5,0,1.5,7,-4,3.36914366059236,6.83345556802665,-0.0951682468419167,0.51842099,0.30715498,0.412787985,0,7,0,0,0.5,1,0,0
1410,0,0,-2.5,-1,-4,-1.40093779507282,-0.399374803284786,-2.40250078686085,0.81999701,0.81999701,0.81999701,-4,0,0,0,0,0,0,0
1415,0.5,0,4.5,8,1,3.47173577087014,6.79253890484603,0.150932636894247,0.819902,0.277363,0.5486325,0,8,0,0.5,1,1,1,0
1420,0.5,0,3.5,8,-1,2.72202843789204,5.72805055625251,-0.283993680468436,0.74480599,0.37943301,0.5621195,0,8,0,0.5,0.5,1,1,0
1425,0,0,4,4,4,4,4,4,0.41326398,0.41326398,0.41326398,4,4,1,0,0,0,0,1
1430,1,1,7,8,6,3.83319061726872,6.66552493814978,1.00085629638766,0.79872596,0.338763,0.56874448,0,8,0,0.5,1,1,1,0
1435,0,0,-7,-4,-10,-4.1868686673594,-1.08417511018746,-7.28956222453134,0.70293999,0.340491,0.521715495,-10,0,0,0,0,0,0,0
1440,0,0,-3.5,1,-8,-2.06497089666368,0.430006467408072,-4.55994826073543,0.60719699,0.179537,0.393366995,-8,0,1,0,0,0,0,0
1445,1,1,7.33333333333333,8,6,2.61973388422452,4.71487802731438,0.42239504197934,0.79730701,0.205826,0.567137663333333,0,8,0,0.666666666666667,1,1,1,0
1450,0,0,-6.66666666666667,-5,-9,-2.11861220763178,-0.905905099492468,-3.96745347619431,0.78658801,0.78164399,0.784116,-9,0,0,0,0,0,0,0
1455,0.5,0,5.5,10,1,4.31195633005354,8.47101406678565,0.152898593321435,0.55752802,0.425959,0.49174351,0,10,0.5,0.5,1,1,1,1
1460,0,0,-3.5,-1,-6,-2.4992914525458,-0.200283418981681,-4.79829948610992,0.64410204,0.15265501,0.398378525,-6,0,0,0,0,0,0,0
1465,0,0,-2.5,1,-6,-2.20107629351421,0.228263916138797,-4.63041650316722,0.313541,0.216207,0.264874,-6,0,0,0,0.5,0,0,0
1467,0,0,-0.5,2,-3,-0.281517272020438,0.97478618238365,-1.53782072642453,0.52217501,0.52217501,0.52217501,-3,0,0,0.5,0,0,0,0
1470,0,0,-2.5,4,-9,-1.99939096187421,1.53883633115433,-5.53761825490276,0.57421702,0.53912401,0.556670515,-9,0,0.5,0,0,0,0,0
1475,0.5,0,0.5,10,-9,-0.833893909308263,3.85905904283341,-5.52684686144993,0.57421702,0.53364402,0.55393052,-9,0,0.5,0.5,0.5,0,0,0
1480,0,0,4,4,4,4,4,4,0.53912401,0.53912401,0.53912401,4,4,1,0,0,0,0,1
1485,1,1,8,8,8,4,4.94418762397533,3.05581237602467,0.67352498,0.63426298,0.65389398,0,8,0,1,1,1,1,0
1490,0.5,0,7,10,4,4.41555621360182,8.05185404533939,0.779258381864245,0.55743301,0.55209297,0.55476299,0,10,1,0.5,0.5,1,1,1
2005,0,0,0.5,2,-1,0.893028094023225,1.85737079203097,-0.0713146039845165,0.74843299,0.386449,0.567440995,0,2,0.5,0,0,0,0,1
2010,0,0,-5,-1,-9,-1.15519923458677,-0.836200191353308,-1.47419827782022,0.386449,0.38484702,0.38564801,-1,0,0,0,0,0,0,0
2012,0,0,-6.5,-4,-9,-2.08425005168932,-0.303300186081553,-3.86519991729709,0.74843299,0.38484702,0.566640005,-4,0,0,0,0,0,0,0
2013,0,0,-3.5,2,-9,0.91849362968277,1.97036131988464,-0.133374060519103,0.74843299,0.38484702,0.566640005,0,2,0.5,0,0,0,0,1
2015,0.666666666666667,0,3.33333333333333,8,-6,1.06806215172386,3.41083193028428,-2.05534866206932,0.64875603,0.623079,0.63538901,0,8,0,0.666666666666667,0.666666666666667,1,1,0
2020,0,0,-5,-4,-6,-2.95107081149237,-0.19571675403051,-5.70642486895423,0.634332,0.464661,0.5494965,-6,0,0,0,0,0,0,0
2025,0.5,0,2.25,8,-6,0.685964337009417,3.10784079971492,-1.91369281128571,0.60890102,0.404448,0.5575757675,0,8,0,0.5,0.5,1,1,0
2030,0,0,-3.66666666666667,2,-9,0.0637825205475625,1.40696580410742,-1.16242851124151,0.77362198,0.4165,0.65458132,0,2,0.5,0,0,0,0,1
2035,0,0,-2.5,1,-6,-2.44889296696468,0.157459152295805,-5.05524508622517,0.59455299,0.213574,0.404063495,-6,0,0,0,0.5,0,0,0
2040,0.4,0,2.25,8,-6,0.596128127829061,2.90164620588558,-2.06080043257412,0.59455299,0.27350801,0.529809794,0,8,0,0.5,0.5,1,1,0
2045,0,0,-2,1,-5,-1.73891795243627,0.253694015854577,-3.73152992072712,0.178931,0.142798,0.1608645,-5,0,0,0,0.5,0,0,0
2050,1,1,7,7,7,3.5,4.4967997982612,2.5032002017388,0,0,0,0,7,0,1,1,1,1,0
2055,1,1,9,9,9,4.5,7.55669335319307,1.44330664680693,0,0,0,0,9,1,1,1,1,1,0
2060,1,1,8.5,9,8,4.35202242550585,6.33640365910534,2.36764119190636,0.56857902,0,0.28428951,0,9,0,1,1,1,1,0
2070,0.5,0,2,8,-4,2.34861552116194,5.79815402821592,-1.10092298589204,0.44401899,0,0.222009495,0,8,0,0.5,0.5,1,1,0
2075,0,0,-6,-6,-6,-1.44159738644952,-1.44159738644952,-1.44159738644952,0.444019,0.148308,0.2961635,0,0,0,0,0,0,0,0
2080,0.5,0,1.5,7,-4,1.34213984827458,4.25363253416764,-1.56935283761849,0.44401899,0.44401899,0.44401899,0,7,0,0.5,0.5,1,1,0
2085,0,0,-2,0,-4,-1.17372806760167,0,-2.34745613520333,0.44401899,0.44401899,0.44401899,-4,0,0,0,0,0,0,0
2090,0,0,-3.5,-1,-6,-1.40759227878877,-0.636963088484491,-2.17822146909305,0.444019,0.444019,0.444019,-1,0,0,0,0,0,0,0
2095,0.75,0,7,10,1,2.1459409957682,5.70312306455354,0.0956765363644348,0.56857902,0.031454,0.20628800525,0,10,0.333333333333333,0.75,1,1,1,1
2100,1,1,7.5,8,7,3.67314925695957,4.57591040256596,2.77038811135319,0.44401899,0.14830799,0.29616349,0,7,0,1,1,1,1,0
2105,0.2,0,1.6,10,-6,0.150868725868726,0.82979407979408,-1.21042471042471,0.573232,0.573232,0.573232,0,2,0.2,0.6,0.2,0,1,0
2110,1,1,8.5,10,7,4.11798733457822,4.11991556385483,4.11605910530162,0.15670499,0.15670499,0.15670499,0,7,0.5,1,1,1,1,0
2115,0,0,-2,0,-4,-1.64370433448913,0,-3.28740866897827,0.46527201,0.46386099,0.4645665,-4,0,0,0,0,0,0,0
2120,1,1,8,9,7,4.29433199646222,7.14898796815998,1.43967602476446,0.57274097,0.53826302,0.555501995,0,9,0,1,1,1,1,0
2125,0.5,0,1.5,7,-4,-0.288040767646102,2.17885720481405,-2.75493874010626,0.57274097,0.46527201,0.51900649,-4,0,0,1,1,0,0,0
2130,0.8,0,5.6,10,-6,1.36331348946772,3.38888339344638,-0.661788840989903,0.72061902,0.101698,0.367694808,0,10,0.666666666666667,1,0.75,1,1,1
2135,1,1,8.5,9,8,4.3634176687665,6.54151803779693,2.18531729973606,0.41239601,0.12669399,0.269545,0,9,0,1,1,1,1,0
2140,1,1,8,9,7,4.31172775801432,7.30554982212887,1.31790569389977,0.57777697,0.41239601,0.49508649,0,9,0,1,1,1,1,0
2145,0,0,-6.5,-6,-7,-3.46803573532444,-0.383571176106742,-6.55250029454213,0.60808301,0.571063,0.589573005,-7,0,0,0,0,0,0,0
2150,0.5,0,-0.5,6,-7,-0.846137307045383,2.44971940888118,-4.14199402297195,0.57351798,0.077877,0.32569749,-7,0,0,0.5,0,0,0,0
2155,0,0,-6.5,-6,-7,-3.15983460438098,-2.23768446133377,-4.08198474742819,0.562185,0.553258,0.5577215,-6,0,0,0,0,0,0,0
2160,0.5,0,2.5,9,-4,3.66193445236878,7.83960154943369,-0.515732644696136,0.58361197,0.436939,0.510275485,0,9,0,0.5,0.5,1,1,0
2165,0,0,-6.5,-6,-7,-3.3197872382693,-2.16255314076841,-4.47702133577019,0.74466598,0.25278401,0.498724995,-7,0,0,0,0,0,0,0
2170,0,0,-6.5,-6,-7,-3.48514073161886,-0.178311220573723,-6.79197024266399,0.57351798,0.553258,0.56338799,-7,0,0,0,0,0,0,0
2175,0,0,-5.5,-4,-7,-3.17436773503234,-0.868352706580419,-5.48038276348427,0.74466598,0.58361197,0.664138975,-7,0,0,0,0,0,0,0
2185,0,0,-3.5,0,-7,-3.46381583192314,0,-6.92763166384629,0.57351798,0.169943,0.37173049,-7,0,0,0,0,0,0,0
2195,0,0,-7.5,-7,-8,-3.98454591068741,-0.216357250376317,-7.75273457099849,0.565992,0.551586,0.558789,-8,0,0,0,0,0,0,0
2200,0.5,0,4.5,9,0,4.05049870657851,8.10099741315701,0,0.57294798,0.40621001,0.489578995,0,9,0,0.5,0.5,1,1,0
2205,0,0,-8.5,-8,-9,-4.00526273787775,-0.0947292817994488,-7.91579619395605,0.68983197,0.272571,0.481201485,-8,0,0,0,0,0,0,0
2210,0,0,-6.5,-6,-7,-3.25764067409312,-2.9083119108826,-3.60696943730363,0.551586,0.551586,0.551586,-7,0,0,0,0,0,0,0
2215,0.5,0,3,10,-4,-0.0111691198760484,2.84118697160565,-2.86352521135774,0.57985097,0.26695698,0.423403975,-4,0,0.5,0.5,0.5,0,0,0
2218,0,0,-6,-6,-6,-3,-1.75887888587827,-4.24112111412173,0.531742,0.432215,0.4819785,-6,0,0,0,0,0,0,0
2220,0,0,-7.5,-6,-9,-4.22553741883096,-1.09785032467614,-7.35322451298579,0.67109901,0.432215,0.551657005,-9,0,0,0,0,0,0,0
2225,0,0,-2.5,4,-9,-3.6386794291068,0.53004342824197,-7.80740228645557,0.67109901,0.26695698,0.469027995,-9,0,0,0,0.5,0,0,0
2230,0.5,0,0.5,10,-9,-3.40876507804223,1.14866833890291,-7.96619849498738,0.67109901,0.26695698,0.469027995,-9,0,0.5,0.5,0.5,0,0,0
2235,0,0,-3.5,-1,-6,-1.95660897409915,-0.417356410360342,-3.49586153783795,0.507442,0.26284301,0.385142505,-6,0,0,0,0,0,0,0
2240,0.4,0,0.4,10,-8,-1.37228330889735,0.0649181404312665,-6.34103787953315,0.51526999,0.189822,0.329405396,-8,0,0.2,0.4,0.4,0,0,0
2245,0,0,-4.5,-3,-6,-2.7051915531061,-0.589616893787799,-4.8207662124244,0.507442,0.26284301,0.385142505,-6,0,0,0,0,0,0,0
2250,0.5,0,0,10,-10,-1.2471004539211,3.7528995460789,-6.2471004539211,0.63361502,0.583489,0.60855201,-10,0,0.5,0.5,0.5,0,0,0
2255,1,1,8.5,10,7,3.84423220265444,5.39358305427926,2.29488135102963,0.63361502,0.214783,0.42419901,0,7,0.5,1,1,1,1,0
2260,0.5,0,2,10,-6,4.11352392423495,8.89190490529369,-0.664857056823786,0.430747,0.414453,0.4226,0,10,0.5,0.5,0.5,1,1,1
2270,1,1,10,10,10,10,10,10,0.47057399,0.47057399,0.47057399,10,10,1,1,1,1,1,1
2275,0.5,0,2,10,-6,-0.256529689818169,3.42933788772729,-3.94239726736363,0.63066,0.430747,0.5307035,-6,0,0.5,0.5,0.5,0,0,0
2280,0,0,-2,4,-8,-3.92089049472073,0.0527396701861819,-7.89452065962764,0.65932298,0.188354,0.42383849,-8,0,0,0.5,0.5,0,0,0
2285,0.5,0,-0.5,7,-8,-3.92435448904351,0.0706024768927199,-7.91931145497975,0.65932298,0.188354,0.42383849,-8,0,0,0.5,0.5,0,0,0
2290,0.5,0,1,10,-8,-3.95409349476815,0.0510072280353834,-7.95919421757169,0.65932298,0.188354,0.42383849,-8,0,0.5,0.5,0.5,0,0,0
2295,0,0,-5.5,-3,-8,-3.69197654611067,-0.369628144667195,-7.01432494755415,0.65932298,0.119416,0.38936949,-8,0,0,0,0,0,0,0
2300,0.5,0,1,10,-8,-1.19825656508822,3.11304826101309,-5.50956139118953,0.65932298,0.51500797,0.587165475,-8,0,0.5,0.5,0.5,0,0,0
2302,0.333333333333333,0,-2.33333333333333,7,-10,-0.229481248239832,3.01828217525132,-2.38576431923834,0.448699,0.27427599,0.358481993333333,0,7,0,0.333333333333333,0.333333333333333,1,1,0
2305,0,0,-9,-9,-9,-4.5,-1.71944822346231,-7.28055177653769,0.61485898,0.54074597,0.577802475,-9,0,0,0,0,0,0,0
2315,0,0,-5,-4,-6,-2.45247204600992,-2.19011181596031,-2.71483227605954,0.448699,0.412497,0.430598,-4,0,0,0,0,0,0,0
2320,0,0,-8,-6,-10,-3.93287926417511,-3.20136220747468,-4.66439632087554,0.412497,0.35247099,0.382483995,-6,0,0,0,0,0,0,0
2325,0,0,-6,-3,-9,-3.94141021614159,-0.558589783858409,-7.32423064842477,0.214921,0.116699,0.16581,-9,0,0,0,0,0,0,0
2330,0.25,0,-3.25,8,-10,-1.20676290558475,1.00539154614232,-2.30258382536157,0.45617598,0.37920299,0.41110874,-4,0,0,0.25,0.25,0,0,0
2335,0,0,-6.33333333333333,-1,-9,-2.71769702563092,-0.105863615388406,-7.08018117711362,0.52108598,0.30886,0.412322333333333,-9,0,0,0,0,0,0,0
2340,0,0,-10,-10,-10,-5,-3.73931324456903,-6.26068675543098,0.426731,0.426731,0.426731,-10,0,0,0,0,0,0,0
2345,0,0,-5,2,-9,-2.10964247878734,0.423441352065821,-4.0152077702201,0.282599,0.262207,0.269004333333333,-9,0,0,0,0,0,0,0
2350,0.5,0,0.5,10,-9,0.279340795440427,5.03088504783203,-4.47220345695117,0.49328402,0.480602,0.48694301,0,10,0.5,0.5,0.5,1,1,1
2355,0.666666666666667,0,3.66666666666667,10,-9,1.50204880186744,4.18105252218665,-2.60235170260942,0.68879604,0.480602,0.554227353333333,0,10,0.666666666666667,0.666666666666667,0.666666666666667,1,1,1
2360,0.5,0,0.5,10,-9,-2.3722522830843,2.23973443885863,-6.98423900502724,0.66308498,0.480602,0.57184349,-9,0,0.5,0.5,0.5,0,0,0
2365,0.5,0,-1,7,-9,-4.06925200532118,0.376904495343967,-8.51540850598633,0.66308498,0.23232,0.44770249,-9,0,0,0.5,0.5,0,0,0
2370,0,0,-9,-9,-9,-4.5,-0.0210096311817589,-8.97899036881824,0.70421398,0.490082,0.59714799,-9,0,0,0,0,0,0,0
2375,0,0,-6.5,-3,-10,-2.45312093289604,-2.18303920037482,-2.72320266541725,0.638253,0.569598,0.6039255,-3,0,0,0,0,0,0,0
2385,1,1,10,10,10,10,10,10,0.638623,0.638623,0.638623,10,10,1,1,1,1,1,1
2395,0,0,-4,1,-9,-3.06544020674946,0.286911958650107,-6.41779237214903,0.621674,0.503905,0.5627895,-9,0,0,0,0.5,0,0,0
2405,0,0,-7,-5,-9,-4.22761284766764,-0.6809678808309,-7.77425781450438,0.50257403,0.38212201,0.44234802,-9,0,0,0,0,0,0,0
2410,0,0,-6.5,-3,-8,-1.78030877812086,-0.257344508160565,-3.1490016174092,0.606286,0.41089,0.5220235,-7,0,0,0,0,0,0,0
2415,0,0,-9,-9,-9,-5.01977160523632,-5.01977160523632,-5.01977160523632,0.49722901,0.364188,0.430708505,-9,0,0,0,0,0,0,0
2420,0.222222222222222,0,-2.44444444444444,10,-10,-0.0891370225627557,2.53672611074011,-4.38208557417601,0.65452099,0.38212201,0.469007446666667,-9,0,0.25,0.25,0.375,0,0,0
2423,0,0,-1.5,2,-5,-1.29232932079782,0.690097530972674,-3.27475617256832,0.53286701,0.53286701,0.53286701,-5,0,0,0.5,0,0,0,0
2425,0,0,-6.6,-2,-10,-1.17208683580001,-0.460067348854743,-1.98586688995458,0.42061698,0.39423099,0.412591194,-6,0,0,0,0,0,0,0
2430,0.5,0,0.5,10,-9,-2.33322396888344,2.28081687485954,-6.94726481262641,0.49438199,0.49404901,0.4942155,-9,0,0.5,0.5,0.5,0,0,0
2435,0,0,-8,-7,-9,-3.63301115404403,-1.19710038639623,-6.06892192169182,0.56468898,0.459387,0.51203799,-7,0,0,0,0,0,0,0
2440,0.5,0,5,10,0,4.22407108115873,8.44814216231746,0,0.67547399,0.27431801,0.474896,0,10,1,1,1,1,1,1
2445,0,0,-9,-9,-9,-4.5,-1.18675311826782,-7.81324688173218,0.57377303,0.51801997,0.5458965,-9,0,0,0,0,0,0,0
2450,0.5,0,0.5,10,-9,-4.39680490600311,0.108626414733573,-8.90223622673978,0.51801997,0.486417,0.502218485,-9,0,0.5,0.5,0.5,0,0,0
2455,0,0,-7.5,-6,-9,-4.49525516943143,-0.0189793222742922,-8.97153101658856,0.51801997,0.40733799,0.46267898,-9,0,0,0,0,0,0,0
2460,0,0,-9,-9,-9,-4.5,-0.0548153998069774,-8.94518460019302,0.51801997,0.40733799,0.46267898,-9,0,0,0,0,0,0,0
2465,0.5,0,1.5,10,-7,3.98665016149267,8.80782371940315,-0.834523396417799,0.50142503,0.446014,0.473719515,0,10,0.5,0.5,0.5,1,1,1
2470,0,0,-9,-9,-9,-4.5,-3.93310772376885,-5.06689227623115,0.51801997,0.36662701,0.44232349,-9,0,0,0,0,0,0,0
2475,0,0,-7.5,-6,-9,-4.49389296080911,-0.0244281567635612,-8.96335776485466,0.40733799,0.36662701,0.3869825,-9,0,0,0,0,0,0,0
2480,0,0,-9,-9,-9,-4.5,-0.0704930961369395,-8.92950690386306,0.40733799,0.36662701,0.3869825,-9,0,0,0,0,0,0,0
2485,0,0,-9,-9,-9,-4.5,-0.0635802375956647,-8.93641976240433,0.60360497,0.36662701,0.48511599,-9,0,0,0,0,0,0,0
2490,0.666666666666667,0,4.33333333333333,10,-7,3.1233591354672,6.89187993296423,-0.259379891481701,0.67547399,0.446014,0.540971006666667,0,10,0.666666666666667,0.666666666666667,0.666666666666667,1,1,1
2495,0,0,0,5,-5,1.06459330143541,3.56459330143541,-1.43540669856459,0.54145902,0.54145902,0.54145902,0,5,0.5,0.5,0,0,1,1
2500,0,0,-2.5,4,-9,-4.34459214080681,0.0956356056573455,-8.78481988727097,0.624291,0.565593,0.594942,-9,0,0,0.5,0.5,0,0,0
2505,0.5,0,3.5,10,-3,4.78078108177964,9.66274012581484,-0.101177962255549,0.82584697,0.540126,0.682986485,0,10,0.5,0.5,0.5,1,1,1
2510,0,0,-1,1,-3,0.377320846905537,0.938660423452769,-0.184018729641694,0.737757,0.540126,0.6389415,0,1,0,0,0.5,1,0,0
2515,0,0,-5,1,-9,-1.37309582478697,0.188696591364433,-5.73763808272295,0.737757,0.43420899,0.577949592,-9,0,0,0,0.25,0,0,0
2520,0,0,-4.5,0,-9,-4.34699335741755,0,-8.6939867148351,0.62454802,0.38739902,0.50597352,-9,0,0,0,0,0,0,0
2525,0,0,-4,1,-9,-2.75545270032508,0.348909459934984,-5.85981486058514,0.589176,0.38739902,0.48828751,-9,0,0,0,0.5,0,0,0
2530,0,0,-8,-7,-9,-4.466993525416,-0.231045322087978,-8.70294172874403,0.58578801,0.337896,0.461842005,-9,0,0,0,0,0,0,0
2535,0.5,0,0.5,10,-9,-0.282878683251548,4.43907507026153,-5.00483243676462,0.66019499,0.38739902,0.523797005,-9,0,0.5,0.5,0.5,0,0,0
2540,0,0,-5.66666666666667,1,-9,-2.23165811506926,0.230502565479222,-6.30121548918458,0.589176,0.58578801,0.587761343333333,-9,0,0,0,0.333333333333333,0,0,0
2545,0,0,1,1,1,0.949828013120325,0.949828013120325,0.949828013120325,0.690527,0.589176,0.6398515,0,1,0,0,1,1,0,0
2550,0.315789473684211,0,0.333333333333333,10,-9,0.264856262595909,4.4700527580326,-1.59142066164971,0.358179,0,0.196795842105263,0,10,0.333333333333333,0.5,0.388888888888889,1,1,1
2555,0.333333333333333,0,0,10,-9,-0.133472168072448,4.44971044398589,-4.83198524167705,0.558285,0.305601,0.407355,-9,0,0.333333333333333,0.333333333333333,0.333333333333333,0,0,0
2560,0.5,0,0.5,10,-9,4.7709097203996,9.75885233726274,-0.217032896463532,0.66229898,0.29317701,0.477737995,0,10,0.5,0.5,0.5,1,1,1
2563,0,0,-9,-9,-9,-9,-9,-9,0.24042399,0.24042399,0.24042399,-9,-9,0,0,0,0,0,0
2565,1,1,10,10,10,5,8.6889073032365,1.3110926967635,0,0,0,0,10,1,1,1,1,1,1
2570,0.5,0,0.5,10,-9,4.76807025563487,9.75586342698407,-0.219722915714336,0.27752399,0.097617999,0.1875709945,0,10,0.5,0.5,0.5,1,1,1
2571,0.5,0,0.5,10,-9,4.94390085069201,9.94094826388633,-0.0531465625023035,0.27546901,0.097617999,0.1865435045,0,10,0.5,0.5,0.5,1,1,1
2575,0,0,-6,-3,-9,-4.02786311300014,-0.472136886999861,-7.58358933900042,0.21744101,0,0.108720505,-9,0,0,0,0,0,0,0
2580,0.5,0,2.5,10,-5,4.74280309270935,9.65707079027913,-0.171464604860436,0.27752399,0,0.138761995,0,10,0.5,0.5,0.5,1,1,1
3005,0.666666666666667,0,3.66666666666667,10,-9,2.06457387774475,6.50548731309351,-1.80297396320483,0.18498099,0.096542999,0.140548329666667,0,10,0.666666666666667,0.666666666666667,0.666666666666667,1,1,1
3010,0.0952380952380952,0,-1.23809523809524,10,-9,0.422067300715456,9.08174561170864,-0.150435830384462,0.356895,0.132753,0.145913475714286,0,10,0.25,0.35,0.1,1,1,1
3015,0,0,-5.75,1,-10,-0.473497417302364,0.609414018403859,-1.05189340813464,0.502071,0,0.171925,0,1,0,0,0.25,1,0,0
3020,0,0,-8,-7,-9,-4.47348285514519,-0.185620013983699,-8.76134569630667,0.140121,0,0.0700605,-9,0,0,0,0,0,0,0
3025,0,0,-5.5,-2,-9,-4.23256148290292,-0.152822009769757,-8.31230095603609,0.140121,0,0.0700605,-9,0,0,0,0,0,0,0
3030,0,0,-9,-9,-9,-5.02526556046389,-5.02526556046389,-5.02526556046389,0.140121,0,0.0700605,-9,0,0,0,0,0,0,0
3035,0,0,-6,-5,-7,-2.73598861768501,-1.65192032379505,-3.82005691157497,0.48016101,0.48016101,0.48016101,-5,0,0,0,0,0,0,0
3040,0.5,0,0,10,-10,4.98129570823711,9.98129570823711,-0.0187042917628945,0.55628699,0.517837,0.537061995,0,10,0.5,0.5,0.5,1,1,1
3045,0.5,0,1.5,10,-7,2.22787948364089,6.73868174545987,-2.28292277817809,0.48016101,0.48016101,0.48016101,0,10,0.5,0.5,0.5,1,1,1
3050,0,0,-8,-7,-9,-3.62926944584835,-1.16342501263511,-6.09511387906158,0.60270202,0.48016101,0.541431515,-7,0,0,0,0,0,0,0
3055,1,1,10,10,10,5,7.22823838918516,2.77176161081484,0.58807003,0.36813402,0.478102025,0,10,1,1,1,1,1,1
3060,0,0,-2.5,2,-7,-2.02105158313254,0.65731040749665,-4.69941357376172,0.40116,0.40116,0.40116,-7,0,0,0,0,0,0,0
3065,0,0,-7,-4,-10,-2.32390047750691,-1.07966825835637,-3.56813269665745,0.490138,0.490138,0.490138,-4,0,0,0,0,0,0,0
3070,0,0,2,2,2,2,2,2,0.546377,0.546377,0.546377,2,2,0,1,0,0,1,0
3075,0.105263157894737,0,-0.578947368421053,10,-9,0.459537570692057,8.84231034110899,-0.211267557415895,0.651694,0.27141401,0.291428746315789,0,10,0.294117647058824,0.411764705882353,0.117647058823529,1,1,1
3077,0,0,-2.5,2,-7,-2.69445380193175,0.358020532474776,-5.74692813633828,0.546377,0.45515901,0.500768005,-7,0,0,0.5,0,0,0,0
3080,1,1,10,10,10,10,10,10,0.58807003,0.58807003,0.58807003,10,10,1,1,1,1,1,1
3085,0,0,-7,-7,-7,-3.5,-2.26391361782781,-4.73608638217219,0.546377,0.45765802,0.50201751,-7,0,0,0,0,0,0,0
3090,0,0,-6.5,-6,-7,-3.30703629179395,-2.31556449847264,-4.29850808511526,0.546377,0.45765802,0.50201751,-7,0,0,0,0,0,0,0
3095,0,0,-7,-7,-7,-3.5,-3.16850048323545,-3.83149951676455,0.546377,0.45765802,0.50201751,-7,0,0,0,0,0,0,0
3100,0,0,-8,-7,-9,-3.73059055010521,-2.0753149509469,-5.38586614926352,0.546377,0.546377,0.546377,-7,0,0,0,0,0,0,0
3105,0,0,-7,-7,-7,-3.5,-2.53228375754334,-4.46771624245666,0.41439798,0.41439798,0.41439798,-7,0,0,0,0,0,0,0
3110,0,0,-7,-7,-7,-3.5,-3.016618287373,-3.983381712627,0.41439798,0.402675,0.40853649,-7,0,0,0,0,0,0,0
3115,0,0,-8,-7,-9,-4.46761377012155,-0.226703609149165,-8.70852393109393,0.547701,0.41439798,0.48104949,-9,0,0,0,0,0,0,0
3120,0,0,-8,-7,-9,-4.47527957587129,-0.173042968900994,-8.77751618284158,0.547701,0.402675,0.475188,-9,0,0,0,0,0,0,0
3125,0.5,0,0,10,-10,4.97104897878247,9.97104897878247,-0.0289510212175292,0.69801003,0.492662,0.595336015,0,10,0.5,0.5,0.5,1,1,1
3130,1,1,10,10,10,2,5.79343462972436,0.226565032313764,0.69801003,0.428574,0.500512812,0,10,1,1,1,1,1,1
3135,0,0,-8,-7,-9,-4.48138241214811,-0.130323114963246,-8.83244170933297,0.547701,0.41439798,0.48104949,-9,0,0,0,0,0,0,0
3140,0.5,0,0.5,10,-9,-4.39029361916541,0.115480400878519,-8.89606763920933,0.547701,0.37008601,0.458893505,-9,0,0.5,0.5,0.5,0,0,0
3145,0,0,-7,-7,-7,-3.5,-1.38604686684572,-5.61395313315428,0.41439798,0.402675,0.40853649,-7,0,0,0,0,0,0,0
3150,0.0952380952380952,0,-1.66666666666667,10,-9,0.405706298501754,8.75996147111374,-0.221297614836,0.66624302,0.27201501,0.290787772380952,0,10,0.210526315789474,0.315789473684211,0.105263157894737,1,1,1
3155,0,0,-7,-7,-7,-3.5,-0.660650202790224,-6.33934979720978,0.41439798,0.402675,0.40853649,-7,0,0,0,0,0,0,0
3160,0,0,-7,-7,-7,-3.5,-0.855560586637186,-6.14443941336281,0.402675,0.402675,0.402675,-7,0,0,0,0,0,0,0
3165,0,0,-7,-7,-7,-3.5,-2.99643648271213,-4.00356351728787,0.41439798,0.402675,0.40853649,-7,0,0,0,0,0,0,0
3170,0,0,-7,-7,-7,-3.5,-2.12397114507614,-4.87602885492386,0.41439798,0.402675,0.40853649,-7,0,0,0,0,0,0,0
3175,0,0,-7,-7,-7,-3.5,-1.01200678688716,-5.98799321311284,0.39004701,0.38152799,0.3857875,-7,0,0,0,0,0,0,0
3180,0.833333333333333,0,8.27272727272727,10,-9,0.899339102900944,6.24735335324255,-0.0506777108089305,0.523202,0.167918,0.241505503333333,0,10,0.909090909090909,0.909090909090909,0.909090909090909,1,1,1
3185,0,0,-7,-7,-7,-3.5,-1.8162304341189,-5.1837695658811,0.379446,0.379446,0.379446,-7,0,0,0,0,0,0,0
3190,0.5,0,4.5,7,2,2.91459273975077,5.36085967130215,0.468325808199386,0.56317,0.547364,0.555267,0,7,0,0.5,0,0,0,0
3195,0,0,-0.5,2,-3,-0.245821209682412,1.00334303225407,-1.49498545161889,0.547364,0.547364,0.547364,0,2,0,0.5,0,0,1,0
3200,0,0,-8.5,-8,-9,-4.30190946786593,-3.16944851414506,-5.43437042158681,0.56110901,0.488152,0.524630505,-9,0,0,0,0,0,0,0
3205,0,0,-2.2,2,-10,-0.18862465408239,0.617027020946296,-1.55151078812968,0.688304,0.631839,0.6741726,0,1,0,0.2,0.4,1,0,0
3210,0.5,0,7.5,10,5,4.97497291081748,9.89989164326994,0.0500541783650311,0.46858001,0.26469,0.366635005,0,10,0.5,1,0.5,1,1,1
3215,1,1,10,10,10,3.33333333333333,9.76846112100528,0.0210626084430822,0.46858001,0.26469,0.332653336666667,0,10,1,1,1,1,1,1
3220,1,1,10,10,10,10,10,10,0.46858001,0.46858001,0.46858001,10,10,1,1,1,1,1,1
3225,0.5,0,7,9,5,4.37542046443686,8.43939208996588,0.311448838907843,0.572436,0.261069,0.4167525,0,9,0,1,0.5,1,1,0
3228,0.5,0,1.5,10,-7,-3.44658715183409,0.0628386449010681,-6.95601294856925,0.58938402,0.356013,0.47269851,-7,0,0.5,0.5,0.5,0,0,0
3230,0.333333333333333,0,1.33333333333333,7,-7,0.276015196009311,2.97178029954694,-2.8290019802223,0.59468102,0.27699199,0.38596667,0,7,0,0.333333333333333,0.333333333333333,0,0,0
3235,0.5,0,1.5,10,-7,4.97229945477671,9.96741112326671,-0.0228122137132997,0.638171,0.36384001,0.501005505,0,10,0.5,0.5,0.5,1,1,1
3240,0.5,0,3,10,-4,4.83340685101094,9.76200978715848,-0.095196085136608,0.44741002,0.260913,0.35416151,0,10,0.5,0.5,0.5,1,1,1
3245,0.5,1,10,10,10,9.8773406812817,9.8773406812817,9.8773406812817,0.540311,0.36616799,0.453239495,0,10,1,1,1,1,1,1
3250,0,0,-3,0,-6,-0.603058418289397,0,-1.20611683657879,0.55495,0.278885,0.4169175,0,0,0,0,0,0,0,0
3255,0,0,4.5,5,4,2.29840338872597,2.98403388725969,1.61277289019225,0.332541,0.29665,0.3145955,0,5,0,0,0,0,0,0
3260,0.625,0,6.75,10,-6,1.21436008066407,7.12186434898999,-0.0440270688547197,0.456137,0.278885,0.327238125,0,10,0.625,0.75,0.625,1,1,1
3265,0.5,0,1.5,10,-7,4.28669613607149,9.16081898361352,-0.587426711470536,0.603328,0.35302901,0.478178505,0,10,0.5,0.5,0.5,1,1,1
3270,0.5,0,1,10,-8,4.79708531373741,9.77453923748601,-0.180368610011193,0.456137,0.27401,0.3650735,0,10,0.5,0.5,0.5,1,1,1
3275,0.2,0,1,10,-10,1.4466082978173,6.8889176345638,-0.623915796353536,0.567563,0.288077,0.397991398,0,10,0.2,0.2,0.2,1,1,1
3280,0.5,0,3,10,-4,4.80083918232532,9.71548454617903,-0.113806181528387,0.567563,0.33750099,0.452531995,0,10,0.5,0.5,0.5,1,1,1
3285,0,0,-7.375,-7,-9,-0.881545644135851,-0.0203325881294831,-5.47299003335307,0.59992599,0.34921601,0.3968361275,-7,0,0,0,0,0,0,0
3290,0.5,0,7,10,4,4.74081076542193,9.13603588473978,0.34558564610409,0.476219,0.33750099,0.406859995,0,10,0.5,1,1,1,1,1
3295,0.5,0,1.5,10,-7,4.94773702875721,9.93851415147907,-0.0430400939646529,0.563806,0.354633,0.4592195,0,10,0.5,0.5,0.5,1,1,1
3300,0.5,0,0,7,-7,-2.40849748053138,1.09150251946862,-5.90849748053138,0.625058,0.577984,0.601521,-7,0,0,0.5,0.5,0,0,0
3305,0,0,-8.5,-7,-10,-3.86522332033197,-2.4348221355465,-5.29562450511745,0.622738,0.577984,0.600361,-7,0,0,0,0,0,0,0
3310,0,0,-7.66666666666667,-6,-10,-2.52950617624606,-0.381694765596976,-5.03304268646009,0.618994,0.572292,0.601345666666667,-7,0,0,0,0,0,0,0
3315,0.5,0,2.5,10,-5,4.65625686782999,9.54167582377331,-0.229162088113343,0.53555697,0.481962,0.508759485,0,10,0.5,0.5,0.5,1,1,1
3320,0.5,0,7.5,10,5,3.33080067071893,3.33839865856215,3.32320268287571,0.56797898,0.268335,0.41815699,0,5,0.5,1,0.5,0,1,0
3322,1,1,10,10,10,3.33333333333333,5.93258906349996,0.142892094533437,0.53555697,0.446604,0.50047733,0,10,1,1,1,1,1,1
3325,0,0,-7,-7,-7,-2.078,-2.078,-2.078,0.6307909,0.549891,0.59034095,0,0,0,0,0,0,0,0
3330,1,1,10,10,10,5,9.70047150471505,0.299528495284953,0.52776897,0.455046,0.491407485,0,10,1,1,1,1,1,1
3335,0,0,-7,-6,-8,-3.99567907413717,-0.0259255551769835,-7.96543259309736,0.486482,0.483258,0.48487,-8,0,0,0,0,0,0,0
3340,0,0,-7,-5,-9,-3.02331477017704,-2.35491646579669,-3.69171307455739,0.593986,0.547594,0.57079,-5,0,0,0,0,0,0,0
3345,0,0,-6.5,-6,-7,-3.45938643740073,-0.487362751191216,-6.43141012361025,0.603998,0.486482,0.54524,-7,0,0,0,0,0,0,0
3350,0,0,-6,-5,-7,-3.2497217722054,-1.25139113897302,-5.24805240543777,0.603998,0.547594,0.575796,-7,0,0,0,0,0,0,0
3355,0.5,0,1.5,10,-7,4.63503587240759,9.57063043812658,-0.300558693311397,0.46735901,0.338751,0.403055005,0,10,0.5,0.5,0.5,1,1,1
3360,0.5,0,7,10,4,4.90658521331362,9.68861737771207,0.124553048915173,0.46735901,0.305643,0.386501005,0,10,0.5,0.5,0.5,1,1,1
3365,0.5,0,0,10,-10,4.75869712815656,9.75869712815656,-0.241302871843438,0.46735901,0.205089,0.336224005,0,10,0.5,0.5,0.5,1,1,1
3370,0.5,0,2,10,-6,4.99659830238176,9.99574787797719,-0.0025512732136831,0.46735901,0.24582301,0.35659101,0,10,0.5,0.5,0.5,1,1,1
3375,1,1,10,10,10,5,8.55687157015268,1.44312842984732,0.47633901,0.246973,0.361656005,0,10,1,1,1,1,1,1
3380,0.5,0,0,8,-8,-3.83292889955704,0.167071100442962,-7.83292889955704,0.478713,0.290627,0.38467,-8,0,0,0.5,0.5,0,0,0
3383,0,0,-9,-8,-10,-4.00622233775929,-0.0622233775929185,-7.95022129792566,0.478713,0.462417,0.470565,-8,0,0,0,0,0,0,0
3385,0,0,-1,5,-7,2.44233013045667,4.95194177538056,-0.067281514467214,0.58107299,0.42956799,0.50532049,0,5,0.5,0.5,0,0,1,1
3390,0,0,2,5,-1,2.46362378768514,4.93937297947523,-0.0121254041049545,0.58107299,0.42956799,0.50532049,0,5,0.5,0.5,0,0,1,1
3395,0,0,-1.75,5,-9,1.22430962052878,4.95325594931136,-0.0476065538174811,0.58107299,0.42956799,0.46791725,0,5,0.25,0.5,0,0,1,1
3400,0.666666666666667,0,6.33333333333333,8,4,2.06673926465699,5.07228927924444,0.0527590628752875,0.42679399,0.300567,0.345943996666667,0,7,0,1,1,0,0,0
3405,0.75,0,7.25,10,4,2.32105143586765,8.11622293668916,0.00993863125262413,0.56634903,0.300567,0.401045255,0,10,0.333333333333333,1,1,1,1,1
3410,0,0,-1,5,-7,2.49445250412869,4.99537708677391,-0.00647207851653148,0.58107299,0.42956799,0.50532049,0,5,0.5,0.5,0,0,1,1
3415,0,0,-9,-8,-10,-4.010836049395,-0.108360493950024,-7.91331160483998,0.478713,0.300932,0.3898225,-8,0,0,0,0,0,0,0
3420,0,0,-8.5,-8,-9,-4.0010775537522,-0.0193959675395298,-7.98275913996486,0.478713,0.46241701,0.470565005,-8,0,0,0,0,0,0,0
3423,1,1,9,10,8,4.91157756020043,9.11577560200428,0.707379518396579,0.56634903,0.42008299,0.49321601,0,10,0.5,1,1,1,1,1
3425,0,0,-8.5,-8,-9,-4.00339915129471,-0.0611847233047545,-7.94561357928466,0.478713,0.290627,0.38467,-8,0,0,0,0,0,0,0
3430,0,0,-8,-7,-9,-2.65288678218976,-1.75530344238092,-4.31859507343228,0.45606601,0.455571,0.455743333333333,-8,0,0,0,0,0,0,0
3435,0,0,0.5,5,-4,2.49127984313571,4.99031093681745,-0.00775125054603619,0.58800203,0.52977198,0.558887005,0,5,0.5,0.5,0,0,1,1
3440,0,0,-7.5,-7,-8,-3.51486678303677,-0.237868528588292,-6.79186503748524,0.66218603,0.281134,0.471660015,-7,0,0,0,0,0,0,0
3445,0,0,-8,-8,-8,-4,-0.386315922164394,-7.61368407783561,0.479825,0.281134,0.3804795,-8,0,0,0,0,0,0,0
3450,0,0,-8,-8,-8,-4,-0.0526097566978612,-7.94739024330214,0.479825,0.455571,0.467698,-8,0,0,0,0,0,0,0
3455,0,0,-4.33333333333333,4,-9,-0.363907111522518,0.16678069787097,-1.1645269046565,0.564735,0.52944899,0.54714574,-1,0,0,0.25,0,0,0,0
3460,0.307692307692308,0,-0.846153846153846,10,-9,0.110896724785574,3.23599164576773,-1.90288852452345,0.342469,0,0.100506460007692,0,10,0.307692307692308,0.384615384615385,0.307692307692308,1,1,1
3465,0,0,-9.5,-9,-10,-4.87027479091995,-2.33505376344086,-7.40549581839904,0.565862,0.558152,0.562007,-10,0,0,0,0,0,0,0
3467,0,0,-3.5,0,-7,-3.36783568033007,0,-6.73567136066015,0.567866,0.455279,0.5115725,-7,0,0,0,0,0,0,0
3470,0.5,0,7.5,10,5,3.94103392100366,5.76413568401463,2.11793215799268,0.30863398,0.237988,0.27331099,0,10,1,1,0.5,1,1,1
3475,0,0,-0.5,5,-6,2.48279684691291,4.98436076992083,-0.0187670760950019,0.52845001,0.237988,0.383219005,0,5,0.5,0.5,0,0,1,1
3480,0.5,0,1.5,10,-7,4.62370260620764,9.55729718377369,-0.309891971358416,0.369396,0.119705,0.2445505,0,10,0.5,0.5,0.5,1,1,1
3485,0,0,-3.5,2,-9,-3.06030322528754,0.52352609989544,-6.64413255047052,0.55537099,0.55358899,0.55447999,-9,0,0,0.5,0,0,0,0
3490,0,0,-4.66666666666667,-1,-8,-1.58532838784609,-0.23322468247724,-2.68573676520175,0.346876,0.34474099,0.345500323333333,-5,0,0,0,0,0,0,0
3495,0,0,-4,0,-8,-3.98903672551934,0,-7.97807345103868,0.43862,0.352398,0.395509,-8,0,0,0,0,0,0,0
3500,0,0,-8,-7,-9,-3.55365875156152,-0.482928764053704,-6.62438873906934,0.42048201,0.31751201,0.36899701,-7,0,0,0,0,0,0,0
3505,0.5,1,10,10,10,9.99184586794099,9.99184586794099,9.99184586794099,0.53349602,0.23299401,0.383245015,0,10,1,1,1,1,1,1
3510,0,0,-7.5,-7,-8,-3.99835902815333,-0.022973605853328,-7.97374445045334,0.439271,0.352398,0.3958345,-8,0,0,0,0,0,0,0
3515,0,0,-7,-6,-8,-3.99324819848582,-0.0405108090851044,-7.94598558788653,0.454201,0.26635098,0.36027599,-8,0,0,0,0,0,0,0
3520,0,0,-7,-7,-7,-3.5,-0.544456824387641,-6.45554317561236,0.553092,0.26806799,0.410579995,-7,0,0,0,0,0,0,0
3525,0.5,0,4,10,-2,2.25713528320226,5.4285588053371,-0.914288238932579,0.393821,0.266351,0.330086,0,10,0.5,0.5,0.5,1,1,1
3530,0.5,0,5,9,1,3.79705618287104,7.41837641145984,0.17573595428224,0.27597,0.270327,0.2731485,0,9,0,0.5,0.5,1,1,0
3535,0,0,-7,-7,-7,-3.5,-0.00635379278237494,-6.99364620721763,0.555677,0.270327,0.413002,-7,0,0,0,0,0,0,0
3538,0,0,-7,-7,-7,-3.5,-1.24270040700761,-5.75729959299239,0.556977,0.554413,0.555695,-7,0,0,0,0,0,0,0
3540,0,0,-7,-7,-7,-3.5,-2.96017302654989,-4.03982697345011,0.30337098,0.26906499,0.286217985,-7,0,0,0,0,0,0,0
3545,0,0,-8,-7,-9,-3.88781895324672,-3.49037057922046,-4.28526732727298,0.30511001,0.26906499,0.2870875,-7,0,0,0,0,0,0,0
3550,0,0,-8,-7,-9,-3.96368025576059,-3.75423820967584,-4.17312230184535,0.30511001,0.30337098,0.304240495,-7,0,0,0,0,0,0,0
3555,0,0,-7,-7,-7,-3.5,-1.39101682708047,-5.60898317291953,0.27796999,0.26906499,0.27351749,-7,0,0,0,0,0,0,0
3560,0,0,-7,-7,-7,-3.5,-0.137403067617044,-6.86259693238296,0.56089997,0.27796999,0.41943498,-7,0,0,0,0,0,0,0
3565,0,0,-8,-7,-9,-4.1687656838143,-2.31864021329987,-6.01889115432873,0.30511001,0.267326,0.286218005,-9,0,0,0,0,0,0,0
3570,0,0,-7,-5,-9,-2.22101324302572,-0.691982063905177,-4.74422250791759,0.55404,0.539651,0.548050333333333,-7,0,0,0,0,0,0,0
3575,0,0,-8,-7,-9,-4.21866414979859,-1.96935095140984,-6.46797734818735,0.30511001,0.27796999,0.29154,-9,0,0,0,0,0,0,0
3580,0,0,-7,-7,-7,-3.5,-0.172943281472907,-6.82705671852709,0.56089997,0.267326,0.414112985,-7,0,0,0,0,0,0,0
3585,1,1,9.5,10,9,4.99861764405726,9.97235288114522,0.0248824069693006,0.59755898,0.39881599,0.498187485,0,10,0.5,1,1,1,1,1
3590,0,0,-8.33333333333333,-7,-9,-2.96040947576482,-0.415700504469422,-7.48460040711567,0.43111899,0.406214,0.41488533,-9,0,0,0,0,0,0,0
3595,0,0,-3.5,0,-7,-0.885004361890204,0,-1.77000872378041,0.296085,0.27097601,0.283530505,0,0,0,0,0,0,0,0
3600,0,0,-7,-7,-7,-3.5,-1.60065213942216,-5.39934786057784,0.26186201,0.26019001,0.26102601,-7,0,0,0,0,0,0,0
3605,0,0,-3.5,0,-7,-1.05565257551922,0,-2.11130515103843,0.296085,0.26019001,0.278137505,0,0,0,0,0,0,0,0
3610,0,0,-3.5,0,-7,-1.44654841075943,0,-2.89309682151886,0.296085,0.268336,0.2822105,0,0,0,0,0,0,0,0
3615,0,0,-9,-9,-9,-4.5,-4.27798965190565,-4.72201034809435,0.558811,0.541098,0.5499545,-9,0,0,0,0,0,0,0
3620,0,0,-7,-7,-7,-3.5,-2.97777258748881,-4.02222741251119,0.26323801,0.25236699,0.2578025,-7,0,0,0,0,0,0,0
3623,0,0,-8.5,-8,-9,-4.3764033680834,-1.9775461106656,-6.7752606255012,0.548424,0.548424,0.548424,-9,0,0,0,0,0,0,0
3625,0,0,-7,-7,-7,-3.5,-0.359358537341184,-6.64064146265882,0.39959002,0.26851201,0.334051015,-7,0,0,0,0,0,0,0
3628,0,0,-8,-7,-9,-4.46090954386919,-0.273633192915704,-8.64818589482267,0.531196,0.209324,0.37026,-9,0,0,0,0,0,0,0
3630,0,0,-7,-7,-7,-3.5,-0.286007372815025,-6.71399262718498,0.39959002,0.241767,0.32067851,-7,0,0,0,0,0,0,0
3635,0.5,0,1.5,10,-7,4.53876719666584,9.45737317254805,-0.379838779216368,0.49846798,0.23125,0.36485899,0,10,0.5,0.5,0.5,1,1,1
3640,0.5,0,1.5,10,-7,-2.03379290604318,1.72494952230214,-5.7925353343885,0.39959002,0.139314,0.26945201,-7,0,0.5,0.5,0.5,0,0,0
3642,0.5,0,0.5,8,-7,-2.56569648894629,0.996590411790629,-6.1279833896832,0.46456701,0.39959002,0.432078515,-7,0,0.5,0.5,0,0,0,0
3645,0,0,-7,-7,-7,-3.5,-2.4272033198173,-4.5727966801827,0.241767,0.23499201,0.238379505,-7,0,0,0,0,0,0,0
3650,0,0,-7,-7,-7,-3.5,-2.196363465514,-4.803636534486,0.244461,0.241767,0.243114,-7,0,0,0,0,0,0,0
3655,0.5,0,1.5,10,-7,2.6371619819616,7.22019056701364,-1.94586660309045,0.23499201,0.139314,0.187153005,0,10,0.5,0.5,0.5,1,1,1
3660,0,0,-7.5,-6,-9,-3.95045359385904,-2.19818562456385,-5.70272156315422,0.39523998,0.39523998,0.39523998,-9,0,0,0,0,0,0,0
3665,0.5,0,1.5,10,-7,-2.96880348322195,0.624937078562414,-6.56254404500631,0.522228,0.113008,0.317618,-7,0,0.5,0.5,0.5,0,0,0
3670,0,0,-7,-7,-7,-3.5,-0.29044229126851,-6.70955770873149,0.522228,0.348456,0.435342,-7,0,0,0,0,0,0,0
3675,0.5,0,1,9,-7,-1.62867579539123,2.10523973018487,-5.36259132096732,0.522228,0.221221,0.3717245,-7,0,0,0.5,0.5,0,0,0
3677,0.5,0,0,10,-10,4.86072044895574,9.86072044895574,-0.139279551044257,0.63923097,0.486471,0.562850985,0,10,0.5,0.5,0.5,1,1,1
3680,0,0,-7,-7,-7,-3.5,-2.44933227966825,-4.55066772033174,0.22398099,0.21513501,0.219558,-7,0,0,0,0,0,0,0
3685,1,1,8.5,9,8,4.458330868121,8.24995562617802,0.666706110063983,0.387512,0.215135,0.3013235,0,9,0,1,1,1,1,0
3690,0,0,-7,-7,-7,-3.5,-0.104226325094656,-6.89577367490534,0.521424,0.342818,0.432121,-7,0,0,0,0,0,0,0
3695,0,0,-8,-7,-9,-4.03118811881188,-3.28168316831683,-4.78069306930693,0.22398099,0.21668699,0.22033399,-9,0,0,0,0,0,0,0
3700,0,0,-7,-7,-7,-3.5,-2.47935948288527,-4.52064051711474,0.505267,0.387512,0.4463895,-7,0,0,0,0,0,0,0
3705,0.5,0,6.5,9,4,4.17535286075559,7.83127029872014,0.51943542279105,0.215135,0.172478,0.1938065,0,9,0,1,1,1,1,0
3708,0,0,-8,-8,-8,-7.99952126112284,-7.99952126112284,-7.99952126112284,0.400243,0.387512,0.3938775,-8,0,0,0,0,0,0,0
3710,0.5,0,0.5,10,-9,-3.09284270191926,1.48121820850604,-7.66690361234456,0.216777,0.21668699,0.216731995,-9,0,0.5,0.5,0.5,0,0,0
3715,0.5,0,0.5,10,-9,3.02545881271792,7.92153559233465,-1.87061796689881,0.21668699,0.13038599,0.17353649,0,10,0.5,0.5,0.5,1,1,1
3720,0.5,0,1.5,10,-7,3.26685231546326,7.96100272407442,-1.42729809314791,0.208701,0.12128,0.1649905,0,10,0.5,0.5,0.5,1,1,1
3725,0,0,-7,-7,-7,-3.5,-1.62665824384081,-5.37334175615919,0.497097,0.37476,0.4359285,-7,0,0,0,0,0,0,0
3730,0.5,0,1,8,-6,3.86112065168639,7.84128074478445,-0.119039441411664,0.50690198,0.34850898,0.42770548,0,8,0.5,0.5,0,0,1,1
3733,0,0,-2,4,-8,-3.91670848644997,0.055527675700021,-7.88894464859996,0.393906,0.372349,0.3831275,-8,0,0,0,0,0,0,0
3735,0,0,-7,-7,-7,-3.5,-0.0208872198224277,-6.97911278017757,0.51929301,0.32312998,0.421211495,-7,0,0,0,0,0,0,0
3736,0,0,-8.5,-8,-9,-4.01798552385656,-0.323739429418038,-7.71223161829508,0.379852,0.199362,0.289607,-8,0,0,0,0,0,0,0
3737,0,0,-2.5,3,-8,-3.790526455704,0.114258296888728,-7.69531120829673,0.379852,0.199362,0.289607,-8,0,0,0.5,0,0,0,0
3738,0,0,-5.5,-4,-7,-2.83615207685022,-1.7702611283994,-3.90204302530104,0.37198499,0.36944598,0.370715485,-7,0,0,0,0,0,0,0
3740,0.612903225806452,0,4.37931034482759,10,-9,0.0809862961070636,2.63189621741642,-2.23460893117783,0.45388901,0,0.0931047751967742,-7,0,0.666666666666667,0.703703703703704,0.62962962962963,0,0,0
3743,0.5,0,1,9,-7,-1.35771463720856,2.41007103314037,-5.12550030755749,0.387054,0.323375,0.3552145,-7,0,0,0.5,0.5,0,0,0
3745,0,0,-8,-7,-9,-3.54962520772653,-0.446626869538759,-6.6526235459143,0.26264101,0,0.131320505,-7,0,0,0,0,0,0,0
3746,0,0,-8,-8,-8,-8,-8,-8,0.379852,0.379852,0.379852,-8,-8,0,0,0,0,0,0
3748,0,0,-8,-7,-9,-4.19995077932732,-2.10034454470878,-6.29955701394586,0.519242,0.496047,0.5076445,-9,0,0,0,0,0,0,0
3750,0.5,0,5.5,10,1,4.65480161582278,9.23289247960617,0.0767107520393833,0.28978601,0.0060199997,0.14790300485,0,10,1,1,1,1,1,1
3755,0,0,-4.2,4,-9,-1.2531915068922,0.288970000576754,-3.43494220105628,0.368876,0.201027,0.3017364,-7,0,0,0,0,0,0,0
3758,0,0,-6.5,-6,-7,-3.07460478273081,-1.04446695823135,-5.10474260723027,0.491779,0.32116,0.4064695,-6,0,0,0,0,0,0,0
3760,0.5,0,1.5,10,-7,-3.42829879076118,0.0843543638103725,-6.94095194533274,0.26395199,0.116582,0.190266995,-7,0,0.5,0.5,0.5,0,0,0
3765,0,0,-7,-7,-7,-3.5,-0.0329892022487729,-6.96701079775123,0.26395199,0.191239,0.227595495,-7,0,0,0,0,0,0,0
3767,0,0,-1.5,4,-7,-3.49181749053302,0.00595091597598586,-6.98958589704202,0.381553,0.368876,0.3752145,-7,0,0,0,0,0,0,0
3770,0,0,-8,-7,-9,-4.19237791307366,-2.15335460848441,-6.2314012176629,0,0,0,-9,0,0,0,0,0,0,0
3775,0,0,-7.5,-7,-8,-3.50244429523967,-0.0391087238347741,-6.96577986664457,0.276198,0.18912001,0.232659005,-7,0,0,0,0,0,0,0
3780,0,0,-8,-7,-9,-3.86060652497652,-3.2454587247887,-4.47575432516434,0,0,0,-7,0,0,0,0,0,0,0
3785,0,0,-6,1,-9,-0.881280638912637,0.13767896371487,-2.14926899477312,0.49311599,0.341189,0.376820281428571,-9,0,0,0,0,0,0,0
3790,0.5,0,0,8,-8,3.98890643657794,7.98890643657794,-0.0110935634220562,0.46172401,0.458781,0.460252505,0,8,0.5,0.5,0,0,1,1
3795,0.5,0,1.5,10,-7,4.98208184402353,9.97891981649827,-0.0147561284512116,0.34122899,0.29403901,0.317634,0,10,0.5,0.5,0.5,1,1,1
3800,0,0,-8,-7,-9,-4.19061683987147,-2.16568212089971,-6.21555155884323,0,0,0,-9,0,0,0,0,0,0,0
3805,0,0,-8,-7,-9,-3.99644599755493,-3.52487801711547,-4.4680139779944,0,0,0,-7,0,0,0,0,0,0,0
3807,0,0,-8,-7,-9,-2.13416807636539,-0.338539149347511,-3.9258095698405,0.513327,0.484795,0.4963085,-9,0,0,0,0,0,0,0
3810,0.0666666666666667,0,-3.93333333333333,8,-9,-0.125671889950277,0.172415415745141,-0.56098065973366,0.49064201,0.340976,0.443875328666667,0,0,0.0769230769230769,0.153846153846154,0,0,0,0
3815,0.5,0,1.5,10,-7,-0.931788778497167,3.02142496647392,-4.88500252346826,0.391879,0.195697,0.293788,-7,0,0.5,0.5,0.5,0,0,0
3820,0,0,-7.5,-7,-8,-3.5869967278418,-1.39194764546877,-5.78204581021482,0.187206,0,0.093603,-7,0,0,0,0,0,0,0
3825,0,0,-7,-7,-7,-3.5,-0.351327191086942,-6.64867280891306,0.265627,0.187206,0.2264165,-7,0,0,0,0,0,0,0
3830,0.5,0,1.5,8,-5,3.99430127378333,7.99298618311794,-0.00438363555128432,0.463716,0.33605501,0.399885505,0,8,0.5,0.5,0,0,1,1
3835,0,0,-7,-7,-7,-3.5,-0.138533103310188,-6.86146689668981,0.265627,0.19739,0.2315085,-7,0,0,0,0,0,0,0
3840,0,0,-3.5,0,-7,-3.46777650583335,0,-6.93555301166671,0.265627,0.187206,0.2264165,-7,0,0,0,0,0,0,0
3841,1,1,10,10,10,10,10,10,0.37394899,0.37394899,0.37394899,10,10,1,1,1,1,1,1
3842,1,1,10,10,10,10,10,10,0.30044201,0.30044201,0.30044201,10,10,1,1,1,1,1,1
3843,0,0,-7.5,-6,-9,-4.0516046406509,-1.79358143739641,-6.30962784390538,0.35475299,0.33761299,0.34618299,-9,0,0,0,0,0,0,0
3844,0,0,-8,-7,-9,-4.4017409722581,-0.687813194193315,-8.11566875032288,0.185945,0,0.0929725,-9,0,0,0,0,0,0,0
3845,0,0,-8.5,-8,-9,-4.45402759280839,-0.735558515065757,-8.17249667055102,0.185945,0,0.0929725,-9,0,0,0,0,0,0,0
3850,0.5,0,1.5,9,-6,-0.823314056524578,2.61202313217051,-4.25865124521966,0.486811,0.377182,0.4319965,-6,0,0,0.5,0.5,0,0,0
3851,0,0,-6.5,-4,-9,-2.07365170388593,-0.265146133989363,-3.88215727378251,0.47328699,0.337695,0.405490995,-4,0,0,0,0,0,0,0
3852,1,1,10,10,10,10,10,10,0.30044201,0.30044201,0.30044201,10,10,1,1,1,1,1,1
3853,0,0,-8.33333333333333,-7,-9,-2.83933911104354,-1.62977041204196,-5.20130758704577,0.356352,0.185945,0.299016663333333,-9,0,0,0,0,0,0,0
3855,0,0,-7.5,-7,-8,-3.50096153960863,-0.0153846337381105,-6.98653844547915,0.304479,0.26992801,0.287203505,-7,0,0,0,0,0,0,0
3856,0,0,-8,-7,-9,-4.2268131813223,-1.91230773074393,-6.54131863190067,0.197036,0,0.098518,-9,0,0,0,0,0,0,0
3857,0,0,-8.5,-8,-9,-4.4821876484823,-0.284997624283141,-8.67937767268147,0.304479,0,0.1522395,-9,0,0,0,0,0,0,0
3858,0,0,-7.5,-7,-8,-3.54474297768402,-0.715887642944376,-6.37359831242367,0.304479,0.197036,0.2507575,-7,0,0,0,0,0,0,0
3860,0,0,-3.5,0,-7,-3.03668318602156,0,-6.07336637204312,0.477353,0.33333501,0.405344005,-7,0,0,0,0,0,0,0
3861,0,0,-7,-7,-7,-3.5,-3.17893697006284,-3.82106302993716,0.192159,0,0.0960795,-7,0,0,0,0,0,0,0
3863,0,0,-8,-7,-9,-4.14702458897134,-2.47082787720064,-5.82322130074203,0.477353,0.311601,0.394477,-9,0,0,0,0,0,0,0
3865,0.5,1,10,10,10,9.98997551232114,9.98997551232114,9.98997551232114,0.124285,0.0027040001,0.06349450005,0,10,1,1,1,1,1,1
3870,0,0,-7,-7,-7,-3.5,-3.18435447074022,-3.81564552925978,0.192159,0,0.0960795,-7,0,0,0,0,0,0,0
3875,0,0,-7.5,-7,-8,-3.59861962879754,-1.57791406076062,-5.61932519683446,0.18046699,0,0.090233495,-7,0,0,0,0,0,0,0
3880,0,0,-8,-7,-9,-3.51811872365119,-0.163068512860749,-6.87316893444164,0.311601,0.272459,0.29203,-7,0,0,0,0,0,0,0
3885,0,0,-0.5,1,-2,-0.326994906621392,0.448670062252405,-1.10265987549519,0.33985099,0.33697701,0.338414,-2,0,NA,NA,NA,0,0,0
3887,0,0,-2,4,-8,-0.60697827518104,2.26201448321264,-3.47597103357472,0.329261,0.183228,0.2562445,0,4,0,0,0,0,0,0
3890,0,0,-7.5,-7,-8,-3.50084197444332,-0.0134715910931532,-6.98821235779349,0.391911,0.183228,0.2875695,-7,0,0,0,0,0,0,0
3895,0.142857142857143,0,-4.85714285714286,7,-9,0.0735551222936817,3.94410422956409,-0.62049162372975,0.47730699,0.33608499,0.443172788571429,0,7,0,0.142857142857143,0.0714285714285714,1,1,0
3900,0,1,NA,-Inf,Inf,NA,-Inf,Inf,0.33616599,0.33608499,0.33613359,0,0,NA,NA,NA,0,0,0
3903,0,0,-7.33333333333333,-7,-8,-2.3572733698769,-0.574560877045573,-4.90305285479934,0.482388,0.19616699,0.32676733,-7,0,0,0,0,0,0,0
3905,0,0,-7.5,-7,-8,-3.51914380785803,-0.306300925728425,-6.73198668998763,0.301747,0,0.1508735,-7,0,0,0,0,0,0,0
3910,0,0,-7,-7,-7,-6.99913281805815,-6.99913281805815,-6.99913281805815,0.391911,0.001981,0.196946,-7,0,0,0,0,0,0,0
3915,0,0,-7,-7,-7,-3.5,-1.42306215260232,-5.57693784739768,0.183228,0,0.091614,-7,0,0,0,0,0,0,0
3920,0,0,-7.5,-7,-8,-3.54125014362863,-0.660002298058141,-6.42249798919913,0.301747,0,0.1508735,-7,0,0,0,0,0,0,0
3925,1,1,8,10,6,4.95347583023519,9.76737915117595,0.13957250929443,0.31992099,0.207141,0.263530995,0,10,0.5,0.5,1,1,1,1
3930,0.5,0,3,7,-1,-0.294463782529422,0.359688380573512,-0.948615945632355,0.47261301,0.450746,0.461679505,-1,0,0,0.5,0,0,0,0
3935,0,0,-3,4,-10,1.95711508125757,3.97549433214718,-0.0612641696320481,0.344428,0.344428,0.344428,0,4,0,0.5,0.5,1,1,0
3937,0,0,-9,-9,-9,-7.9268706348677,-7.9268706348677,-7.9268706348677,0.32099,0,0.160495,-9,0,0,0,0,0,0,0
3940,0,0,-7,-7,-7,-3.5,-1.09075114694465,-5.90924885305535,0.473991,0,0.2369955,-7,0,0,0,0,0,0,0
3942,0,0,-7,-7,-7,-5.33153022741991,-5.33153022741991,-5.33153022741991,0.32099,0,0.160495,-7,0,0,0,0,0,0,0
3945,0,0,-7,-7,-7,-3.5,-2.25376836176273,-4.74623163823727,0.477657,0,0.2388285,-7,0,0,0,0,0,0,0
3948,0,0,-8,-7,-9,-2.91461545606539,-0.315994798439532,-7.10089634033067,0.494932,0.46482199,0.48465033,-9,0,0,0,0,0,0,0
3950,0.5,0,3,6,0,2.64481567442111,5.28963134884223,0,0.475738,0.239761,0.3577495,0,6,0,0,1,1,0,0
3952,0,0,-7,-7,-7,-3.5,-2.97538015930485,-4.02461984069515,0.47183499,0.34739,0.409612495,-7,0,0,0,0,0,0,0
3955,0,0,-2,4,-8,1.31573256840247,3.54382171226831,-0.912356575463372,0.33941299,0.174521,0.256966995,0,4,0,0.5,0.5,1,1,0
3960,0,0,-7.5,-7,-8,-3.78753435378483,-2.97451904701236,-4.6005496605573,0.464617,0.46448,0.4645485,-8,0,0,0,0,0,0,0
3963,0,0,-7,-7,-7,-6.93024340598762,-6.93024340598762,-6.93024340598762,0.46448,0.00078499998,0.23263249999,-7,0,0,0,0,0,0,0
3965,0.5,0,1,8,-6,1.7728302476369,5.45466314015646,-1.90900264488265,0.319498,0.319498,0.319498,0,8,0,0.5,0.5,1,1,0
3970,0,0,-8,-7,-9,-4.04314823989735,-3.19796232071852,-4.88833415907618,0.299318,0,0.149659,-9,0,0,0,0,0,0,0
3973,0,0,-8,-7,-9,-3.8377999352132,-3.04019941691883,-4.63540045350757,0.299318,0,0.149659,-7,0,0,0,0,0,0,0
3975,0,0,-8,-7,-9,-4.24592699364993,-1.7785110444505,-6.71334294284935,0.33518299,0.176163,0.255672995,-9,0,0,0,0,0,0,0
3980,0,0,-1.5,4,-7,-3.42054446155142,0.0577858461444187,-6.89887476924727,0.321919,0.321919,0.321919,-7,0,0,0,0,0,0,0
3982,0,0,-6.66666666666667,-6,-7,-2.26398090760134,-1.24834366317589,-3.76554819405856,0.34539801,0.32216701,0.337654343333333,-7,0,0,0,0,0,0,0
3984,0.5,0,7,10,4,4.91930057672735,9.73100192242452,0.107599231030193,0.319633,0.188354,0.2539935,0,10,0.5,0.5,0.5,1,1,1
3985,0.5,1,8,8,8,7.09062020114152,7.09062020114152,7.09062020114152,0.318439,0.186233,0.252336,0,8,0,1,1,1,1,0
3990,0,0,-3.33333333333333,4,-7,-0.0158992219418173,2.52810993969984,-1.84057013923284,0.342787,0.17771399,0.284023663333333,0,4,0,0.333333333333333,0.333333333333333,1,1,0
3995,0,0,-5.8,-2,-8,-1.07112654908006,-0.169713107369517,-2.7825181685319,0.466303,0.43353501,0.452464002,-2,0,0,0,0,0,0,0
3997,0,0,-9.5,-9,-10,-4.70131917320335,-4.02638346406706,-5.37625488233965,0.451355,0.325869,0.388612,-9,0,0,0,0,0,0,0
4002,0,0,-8.5,-7,-10,-3.62065937696199,-0.804395846413275,-6.43692290751071,0.429387,0.326693,0.37804,-7,0,0,0,0,0,0,0
4005,0.5,0,4.5,9,0,0.60617849428622,1.21235698857244,0,0.50291699,0.20779,0.355353495,0,0,0.5,0.5,0,0,0,0
4010,0.5,0,5,10,0,0.921150283548521,1.84230056709704,0,0.20779,0.105929,0.1568595,0,0,0.5,0.5,0.5,0,0,0
4015,0.5,0,5,10,0,0.630065592211481,1.26013118442296,0,0.20779,0.11357,0.16068,0,0,0.5,0.5,0.5,0,0,0
4016,0,0,0,0,0,0,0,0,0.20779,0.20779,0.20779,0,0,0,0,0,0,0,0
4018,1,1,6.5,7,6,3.04443775763869,5.46674690833569,0.622128606941691,0.159071,0.159071,0.159071,0,6,0,0,0.5,0,0,0
4020,0.5,0,0,10,-10,4.61537196605933,9.61537196605933,-0.38462803394067,0.471796,0.172203,0.3219995,0,10,0.5,0.5,0.5,1,1,1
4022,0,0,-3,-3,-3,-1.5,-0.266444937176644,-2.73355506282336,0.159071,0.159071,0.159071,-3,0,0,0,0,0,0,0
4023,0.5,0,1.5,6,-3,2.17786751630113,4.90382335506817,-0.548088322465916,0.159071,0.159071,0.159071,0,6,0,0,0,0,0,0
4025,1,1,8.5,9,8,4.34089795582922,6.13616320492599,2.54563270673246,0.474769,0,0.2373845,0,9,0.5,1,0,0,1,1
4030,0,0,-9,-9,-9,-8.20597829197108,-8.20597829197108,-8.20597829197108,0.504922,0.407627,0.4562745,-9,0,0,0,0,0,0,0
4035,1,1,9,10,8,4.7563792302331,7.56379230233098,1.94896615813521,0.146602,0,0.073301,0,10,0.5,1,0.5,1,1,1
4040,0.5,0,1,10,-8,2.87373978545247,7.63748865050274,-1.89000907959781,0.489717,0.005318,0.2475175,0,10,0.5,0.5,0.5,1,1,1
4045,1,1,10,10,10,5,8.85773158111635,1.14226841888365,0.007549,0,0.0037745,0,10,1,1,1,1,1,1
4055,0.5,0,5,10,0,0.0321200584525458,0.0642401169050915,0,0.13060801,0,0.065304005,0,0,0.5,0.5,0.5,0,0,0
4060,1,1,9.5,10,9,4.55183239763798,8.06701684251644,1.0366479527595,0.474769,0,0.2373845,0,9,1,1,0.5,0,1,1
4061,0.5,0,0.5,8,-7,-3.46824739204239,0.033869448488115,-6.9703642325729,0.285713,0,0.1428565,-7,0,0,0,0.5,0,0,0
4063,0.5,0,1.5,10,-7,-3.45238350739143,0.0560194030689109,-6.96078641785176,0.285713,0,0.1428565,-7,0,0.5,0.5,0.5,0,0,0
4065,0.5,0,7,9,5,3.89858532723883,6.29363397257475,1.50353668190291,0.023955,0,0.0119775,0,9,0,0.5,0.5,1,1,0
4070,1,1,8.5,9,8,4.39005508276882,7.0209914898388,1.75911867569884,0.474769,0,0.2373845,0,9,0.5,1,0.5,0,1,1
4075,1,1,8,8,8,4,4.98770019694549,3.01229980305451,0,0,0,0,8,0,1,0.5,0,1,0
4080,1,1,9,10,8,4.19859251357333,6.41125989141338,1.98592513573328,0,0,0,0,8,0.5,1,0.5,0,1,0
4085,1,1,9,10,8,4.58502034376816,5.85020343768164,3.31983724985469,0.122913,0,0.0614565,0,10,0.5,1,1,1,1,1
4090,1,1,9,10,8,4.92596937808115,9.25969378081153,0.592244975350777,0.146602,0,0.073301,0,10,0.5,1,1,1,1,1
4095,1,1,9,10,8,4.65772222826678,6.57722228266783,2.73822217386574,0.007549,0,0.0037745,0,10,0.5,1,0.5,1,1,1
4097,0.5,0,-1.5,6,-9,2.13622525182687,5.30898020146149,-1.03652969780776,0.159071,0.159071,0.159071,0,6,0,0,0,0,0,0
4099,0.5,0,-1,7,-9,-1.07294530287231,2.99867285998673,-5.14456346573135,0.159071,0.159071,0.159071,-9,0,0,0,0.5,0,0,0
4100,1,1,9,10,8,4.65129963981739,6.51299639817385,2.78960288146092,0.005318,0,0.002659,0,10,0.5,1,1,1,1,1
4105,0.5,0,7,9,5,4.07111900209414,7.07003550942365,1.07220249476464,0.474769,0,0.2373845,0,9,0.5,0.5,0,0,1,1
4110,0.5,0,7.5,10,5,3.43582305248281,3.74329220993125,3.12835389503438,0.122913,0,0.0614565,0,5,0.5,0.5,0.5,0,0,0
4115,0.5,0,5,10,0,0.117845022410679,0.235690044821357,0,0.13060801,0,0.065304005,0,0,0.5,0.5,0.5,0,0,0
4120,1,1,8,10,6,3.19444780051679,5.41665659844962,0.972239002583959,0.159071,0,0.0795355,0,6,0.5,0.5,0.5,0,0,0
4125,0.5,0,-1.5,6,-9,0.0391565291727745,3.63132522333822,-3.55301216499267,0.185521,0.023472,0.1044965,0,6,0,0,0,0,0,0
4130,0.5,0,3.5,7,0,0.0161504388554411,0.0323008777108822,0,0.159071,0.13060801,0.144839505,0,0,0,0.5,0,0,0,0
4131,0.5,0,2,7,-3,2.58707763548224,5.72190868967513,-0.547753418710658,0.159071,0.159071,0.159071,0,7,0,0,0.5,1,0,0
4135,1,1,9,10,8,4.895380398027,8.95380398026998,0.836956815784016,0.0078019998,0,0.0039009999,0,10,0.5,1,1,1,1,1
4140,1,1,9,10,8,4.05604804117815,7.55161567057478,0.560480411781527,0,0,0,0,8,0.5,1,0.5,0,1,0
4145,0.5,0,7.5,10,5,2.57758342621313,4.84483314757375,0.310333704852501,0.15347199,0,0.076735995,0,5,0.5,0.5,0.5,0,0,0
4148,0.5,0,-0.5,6,-7,-3.31985768509885,0.166285213754909,-6.8060005839526,0.309193,0.183507,0.24635,-7,0,0,0,0.5,0,0,0
4150,0.5,0,6.5,8,5,2.94380124191924,3.52066252693588,2.3669399569026,0,0,0,0,5,0,0.5,0.5,0,0,0
4155,0.5,0,7.5,10,5,4.16470534849952,6.65882139399806,1.67058930300097,0.0056079999,0,0.00280399995,0,10,0.5,0.5,0.5,1,1,1
4160,1,1,10,10,10,5,8.29510766749324,1.70489233250676,0.0056079999,0,0.00280399995,0,10,1,1,1,1,1,1
4165,1,1,10,10,10,5,9.33102850670302,0.668971493296977,0.14352,0,0.07176,0,10,1,1,1,1,1,1
4170,0.5,0,7,9,5,2.9869992040329,3.78250198991775,2.19149641814805,0.36137599,0.15347199,0.25742399,0,5,0.5,0.5,0,0,0,0
4175,1,1,9.91666666666667,10,9,0.81965421007451,2.39120944748693,0.0466023273121924,0.36137599,0,0.0562900833,0,10,1,1,0.916666666666667,1,1,1
4180,1,1,8.5,9,8,4.45161660265312,8.12909884775619,0.774134357550054,0.36137599,0,0.180687995,0,9,0.5,1,0.5,0,1,1
4185,1,1,9,10,8,4.87197238527952,8.71972385279519,1.02422091776385,0.14352,0,0.07176,0,10,0.5,1,1,1,1,1
4188,1,1,7,8,6,3.735666374359,5.88533099487203,1.58600175384598,0.169612,0,0.084806,0,8,0,0.5,0.5,1,1,0
4190,1,1,10,10,10,5,6.25732155266554,3.74267844733446,0.010738,0,0.005369,0,10,1,1,1,1,1,1
4195,1,1,8,8,8,4,5.33015000934862,2.66984999065138,0,0,0,0,8,0,1,1,1,1,0
4200,0.5,0,7.5,10,5,4.62761036214645,8.51044144858578,0.744779275707111,0.14352,0,0.07176,0,10,0.5,0.5,0.5,1,1,1
4205,1,1,7.5,9,6,3.56207705643644,3.75169177425426,3.37246233861861,0.155363,0,0.0776815,0,6,0,0.5,0.5,0,0,0
4210,1,1,8.5,9,8,4.42730075381135,7.69141356860435,1.16318793901835,0.155363,0,0.0776815,0,9,0,1,1,1,1,0
4215,1,1,9.5,10,9,4.51278607838109,8.76985058914038,0.255721567621798,0.36137599,0,0.180687995,0,9,1,1,0.5,0,1,1
4220,0.166666666666667,0,-1.5,7,-9,0.6336207158358,4.37903643562398,-0.378712349377989,0.230115,0,0.102283665,0,5,0,0.166666666666667,0,0,0,0
4225,1,1,7,8,6,3.29608952370937,4.22346285774378,2.36871618967496,0,0,0,0,6,0,0.5,0,0,0,0
4230,0.5,0,6.5,8,5,2.68681891275838,4.37727029080539,0.99636753471138,0.15347199,0,0.076735995,0,5,0,0.5,0,0,0,0
4235,0,0,1,5,-3,2.22306168631769,4.65382710789711,-0.207703735261734,0.15347199,0,0.076735995,0,5,0,0,0,0,0,0
4240,0.5,0,7,9,5,2.83705268880981,4.15736827797548,1.51673709964413,0.155363,0.15347199,0.154417495,0,5,0,0.5,0.5,0,0,0
4241,1,1,6,6,6,3,5.95125650479851,0.0487434952014853,0,0,0,0,6,0,0,0.5,0,0,0
4245,0,0,-2,5,-9,2.17909532418732,4.77078237441951,-0.412591726044879,0.230115,0.15347199,0.191793495,0,5,0,0,0,0,0,0
4250,0.5,0,7,9,5,4.41390682009543,8.61258069042941,0.215232949761437,0.155363,0,0.0776815,0,9,0,1,0.5,1,1,0
4255,0,0,1,5,-3,2.47591037738636,4.96988797173295,-0.0180672169602288,0.230115,0.15347199,0.191793495,0,5,0,0,0,0,0,0
4260,1,1,7.5,9,6,3.73143789216315,4.38862735297892,3.07424843134739,0.36137599,0,0.180687995,0,6,0.5,0.5,0,0,0,0
4265,0.5,0,7.5,10,5,4.21975263806504,6.87901055226015,1.56049472386993,0.372888,0.15347199,0.263179995,0,10,0.5,0.5,0.5,1,1,1
4270,0.5,0,7.5,10,5,2.87880975408007,4.24238049183987,1.51523901632027,0.175589,0.15347199,0.164530495,0,5,0.5,0.5,0.5,0,0,0
4275,1,1,7.5,8,7,3.88323791985268,6.13180671764282,1.63466912206253,0.230115,0,0.1150575,0,8,0,0.5,0.5,0,1,0
4276,0,0,-6,-3,-9,-2.67730599759659,-1.82269400240341,-3.53191799278977,0.230115,0,0.1150575,-3,0,0,0,0,0,0,0
4280,1,1,8,8,8,4,7.68198049993981,0.318019500060185,0,0,0,0,8,0,0.5,0.5,0,1,0
4285,1,1,7,8,6,3.98090026948654,7.84720215589233,0.114598383080754,0,0,0,0,8,0,0.5,0.5,0,1,0
4290,0.5,0,5.5,6,5,2.51632595862456,4.83674041375444,0.195911503494666,0,0,0,0,5,0,0,0.5,0,0,0
4293,0.5,0,6,7,5,2.54154339865054,4.79228300674728,0.290803790553812,0.230115,0.15347199,0.191793495,0,5,0,0,0.5,0,0,0
4295,0,0,-1.5,0,-3,-0.861361496031212,0,-1.72272299206242,0,0,0,-3,0,0,0,0,0,0,0
4300,0,0,-2,5,-9,2.42354106707667,4.94538647648333,-0.0983043423300006,0.15347199,0,0.076735995,0,5,0,0,0,0,0,0
4305,0.5,0,6.5,8,5,2.55000150840613,4.83332830531289,0.26667471149937,0.15347199,0,0.076735995,0,5,0,0.5,0.5,0,0,0
4310,1,1,9,10,8,4.85091976074935,8.50919760749351,1.19264191400519,0,0,0,0,10,0.5,0.5,1,1,1,1
4315,1,1,8,10,6,4.84773729782715,9.23868648913576,0.456788106518543,0,0,0,0,10,0.5,0.5,1,1,1,1
4320,1,1,10,10,10,5,7.99180327868852,2.00819672131148,0,0,0,0,10,1,1,1,1,1,1
4323,0.5,0,-1.5,6,-9,2.067088091354,5.2536704730832,-1.1194942903752,0.230115,0,0.1150575,0,6,0,0,0,0,0,0
4325,0.5,0,6.5,8,5,3.65305108328364,6.14960577751275,1.15649638905453,0.16961201,0,0.084806005,0,8,0,0.5,0.5,1,1,0
4330,0.5,0,3,9,-3,3.37370331755687,7.31055497633531,-0.563148341221563,0.36137599,0,0.180687995,0,9,0.5,0.5,0,0,1,1
4335,0,0,-6,-3,-9,-4.16404812261378,-0.335951877386217,-7.99214436784135,0.230115,0.230115,0.230115,-9,0,0,0,0,0,0,0
4340,1,1,7,8,6,3.0925251010822,5.44484939350681,0.740200808657581,0,0,0,0,6,0,0.5,0.5,0,0,0
4342,0,0,3,5,1,2.4609525946606,4.90238148665149,0.0195237026697013,0.24401,0.15347199,0.198740995,0,5,0,0,0,0,0,0
4345,0.5,0,5.5,6,5,2.98511706826282,5.82140481915383,0.148829317371805,0.16961201,0,0.084806005,0,6,0,0,0,0,0,0
4350,1,1,9,10,8,4.53481286384885,5.34812863848853,3.72149708920918,0.0056079999,0,0.00280399995,0,10,0.5,1,0.5,1,1,1
4355,0,0,1,5,-3,-1.01033575874463,0.612080301569212,-2.63275181905847,0.16961201,0,0.084806005,-3,0,0,0,0,0,0,0
4360,0,0,1,5,-3,1.02536395695813,3.15670494619767,-1.1059770322814,0.230115,0.16961201,0.199863505,0,5,0,0,0,0,0,0
4365,0.5,0,5.5,6,5,2.62303772563844,3.76962274361557,1.47645270766131,0.15347199,0,0.076735995,0,5,0,0,0,0,0,0
4370,1,1,8.5,10,7,4.52841969915807,6.85613132772044,2.2007080705957,0,0,0,0,10,0.5,1,0.5,1,1,1
4375,1,1,10,10,10,5,8.33824830433501,1.661751695665,0.146081,0,0.0730405,0,10,1,1,1,1,1,1
4378,0.5,0,3.5,6,1,2.86099526518688,5.66638863644852,0.0556018939252472,0.24401,0,0.122005,0,6,0,0,0,0,0,0
4380,0.5,0,3.5,10,-3,2.65045871559633,6.38532110091743,-1.08440366972477,0,0,0,0,10,0.5,0.5,0.5,1,1,1
4385,0,0,-1,5,-7,-1.38803035684674,1.75997470262771,-4.5360354163212,0.309193,0.15347199,0.231332495,-7,0,0,0,0,0,0,0
4390,0.5,0,6,7,5,3.30684961823614,5.64794732765298,0.965751908819298,0.230115,0.16961201,0.199863505,0,7,0,0,0.5,1,0,0
4395,0.5,0,6,9,3,1.51668414774597,2.98331585225403,0.0500524432379072,0.15271,0.14787699,0.150293495,0,3,0,0.5,0.5,0,0,0
4400,0.222222222222222,0,-0.333333333333333,7,-9,0.234330872867738,2.44107620400533,-0.40653401561354,0.249851,0,0.0703449988888889,0,3,0,0.111111111111111,0.111111111111111,0,0,0
4405,0.5,0,6.5,8,5,3.44797303086424,5.05585616460927,1.84008989711921,0,0,0,0,8,0,0.5,0,0,1,0
4410,1,1,7.5,9,6,4.4870596401399,8.92235784083943,0.0517614394403779,0.35471901,0,0.177359505,0,9,0.5,0.5,0.5,0,1,1
4415,0.5,0,5.5,8,3,2.80573738707624,4.17835963864398,1.43311513550851,0.176606,0.14787699,0.162241495,0,8,0,0.5,0.5,1,1,0
4420,1,1,8,9,7,4.47335498802944,8.76019489226494,0.186515083793938,0.35471901,0,0.177359505,0,9,0.5,0.5,0.5,0,1,1
4425,0,0,0.5,4,-3,-0.240029157554931,1.43996667708008,-1.92002499218994,0.249851,0,0.1249255,-3,0,0,0,0,0,0,0
4430,0.5,0,6.5,8,5,3.63965162015359,6.07814197415246,1.20116126615471,0,0,0,0,8,0,1,0.5,1,1,0
4435,1,1,8,8,8,4,6.60331232999346,1.39668767000654,0,0,0,0,8,0,1,0.5,0,1,0
4440,1,1,8.5,9,8,4.49139637445767,8.84513474023798,0.137658008677352,0.35471901,0,0.177359505,0,9,0.5,0.5,0.5,0,1,1
4445,1,1,8,9,7,4.47817724153573,8.80359517382158,0.152759309249879,0.35471901,0,0.177359505,0,9,0.5,1,0,0,1,1
4450,0.5,0,-1,7,-9,-0.729805886036318,3.29891984971822,-4.75853162179086,0,0,0,-9,0,0,0,0.5,0,0,0
4453,0,0,4.5,5,4,2.48283549482632,4.82835494826319,0.137316041389446,0.249851,0,0.1249255,0,5,0,0,0,0,0,0
4455,0.5,0,6,8,4,3.86549161511225,7.46196646044901,0.269016769775495,0.249851,0,0.1249255,0,8,0,0.5,0,0,1,0
4460,0.5,0,6,7,5,2.82510243301062,3.37448783494688,2.27571703107437,0,0,0,0,5,0,0,0.5,0,0,0
4462,0.5,0,5.5,7,4,2.62266305727096,2.90576093393114,2.33956518061078,0.249851,0,0.1249255,0,4,0,0.5,0,0,0,0
4463,0,0,-6,-3,-9,-1.91690668202765,-1.25072004608295,-2.58309331797235,0,0,0,-3,0,0,0,0,0,0,0
4465,1,1,9,10,8,4.84410573323802,8.44105733238023,1.24715413409582,0.0054789996,0,0.0027394998,0,10,0.5,1,1,1,1,1
4470,0,0,-1.5,3,-6,1.47063713286785,2.98042475524523,-0.0391504895095316,0.14787699,0,0.073938495,0,3,0,0,0,0,0,0
4475,0.666666666666667,1,9.5,10,9,4.66618211897738,6.00241788690511,3.32994635104965,0.35471901,0.0054789996,0.170969339866667,0,9,1,1,0.5,0,1,1
4476,0,0,0.5,4,-3,-1.00378329608137,0.567104804478438,-2.57467139664117,0.249851,0,0.1249255,-3,0,0,0,0,0,0,0
4480,1,1,8.5,10,7,4.87792606304885,9.186173753659,0.569678372438698,0.0075319996,0,0.0037659998,0,10,0.5,1,0.5,1,1,1
4481,0,0,-3,-3,-3,-1.5,-0.259913144054296,-2.7400868559457,0.235377,0,0.1176885,-3,0,0,0,0,0,0,0
4485,0.5,0,6.5,10,3,1.71091760978991,2.81921347732293,0.602621742256888,0.14787699,0.010536,0.079206495,0,3,0.5,0.5,0.5,0,0,0
4490,0.5,0,6,7,5,2.58405898115749,4.57970509421256,0.588412868102421,0,0,0,0,5,0,0.5,0,0,0,0
4495,0.5,0,2.5,8,-3,0.295300555242617,2.61134626217108,-2.02074515168585,0,0,0,-3,0,0,0.5,0.5,0,0,0
4497,0,0,-3.5,0,-7,-3.49573194022973,0,-6.99146388045946,0.311072,0.138693,0.2248825,-7,0,0,0,0,0,0,0
4500,0.5,0,6.5,10,3,1.72003317354902,2.81140013695798,0.628666210140059,0.14787699,0,0.073938495,0,3,0.5,0.5,0.5,0,0,0
4505,0.5,0,5,7,3,1.55968646964012,2.91047029553982,0.208902643740428,0.14787699,0,0.073938495,0,3,0,0.5,0,0,0,0
4507,0.5,0,0.5,8,-7,-1.06279302772651,2.59968743709172,-4.72527349254475,0.311072,0.176606,0.243839,-7,0,0,0.5,0.5,0,0,0
4510,0.5,0,6,7,5,2.74222397133862,3.78888014330692,1.69556779937032,0,0,0,0,5,0,0.5,0,0,0,0
4515,1,1,7.5,8,7,3.71494277236117,3.99080118694362,3.43908435777872,0,0,0,0,7,0,0.5,1,1,0,0
4520,0,0,-5,-3,-7,-3.43843770960568,-0.0923434355914852,-6.78453198361987,0.311072,0,0.155536,-7,0,0,0,0,0,0,0
4521,0.5,0,3,9,-3,-1.06827353762916,0.647589693556255,-2.78413676881458,0.15271,0,0.076355,-3,0,0,0.5,0.5,0,0,0
4525,0.5,0,0,9,-9,3.35034164680502,7.85034164680502,-1.14965835319498,0.35471901,0,0.177359505,0,9,0.5,0.5,0,0,1,1
4530,1,1,8,8,8,4,4.76537681471081,3.23462318528919,0.162172,0,0.081086,0,8,0,1,0.5,1,1,0
4532,0.5,0,3.5,10,-3,-0.742000506564228,1.16615306682426,-2.65015407995272,0,0,0,-3,0,0.5,0.5,0.5,0,0,0
4535,0.5,0,3,9,-3,4.18243470173354,8.5236520526003,-0.158782649133232,0.35471901,0,0.177359505,0,9,0.5,0.5,0,0,1,1
4539,0.5,0,2,7,-3,2.6092747248343,5.75298461476802,-0.53443516509942,0,0,0,0,7,0,0.5,0,0,1,0
4540,0.5,0,6.5,9,4,4.44239695229644,8.79262902826719,0.0921648763256913,0.479251,0,0.2396255,0,9,0.5,0.5,0,0,1,1
4545,1,1,8.5,10,7,3.54505463317724,6.78974504517289,0.30036422118159,0,0,0,0,7,0.5,1,0.5,0,1,0
4550,0.5,0,2.5,8,-3,3.60221771139455,7.42140758021026,-0.216972157421153,0.225826,0,0.112913,0,8,0,0.5,0.5,1,1,0
4555,0,0,1,5,-3,1.79404906187196,4.11756132733995,-0.52946320359603,0,0,0,0,5,0,0,0,0,0,0
4560,0,0,-3,3,-9,1.28614738168568,2.89307369084284,-0.320778927471478,0.148018,0,0.074009,0,3,0,0,0,0,0,0
4565,0.5,0,7.5,10,5,2.71613710240133,4.56772579519733,0.864548409605337,0,0,0,0,5,0.5,0.5,0.5,0,0,0
4568,0.5,0,6,9,3,1.70217910265043,2.79782089734957,0.606537307951276,0.27167001,0.148018,0.209844005,0,3,0,0.5,0.5,0,0,0
4570,0.5,0,6.5,10,3,1.9888748435946,2.58096441977606,1.39678526741313,0.148018,0.0055220001,0.07677000005,0,3,0.5,0.5,0.5,0,0,0
4575,1,1,9,10,8,4.05015550180185,7.59875598558523,0.501555018018463,0,0,0,0,8,0.5,1,0.5,0,1,0
4580,0.5,0,0,9,-9,4.25929672160409,8.75929672160409,-0.240703278395906,0.479251,0,0.2396255,0,9,0.5,0.5,0,0,1,1
4585,0.5,0,1,9,-7,-3.48154394774667,0.0207630587850008,-6.98385095427833,0.305545,0.169591,0.237568,-7,0,0,0.5,0.5,0,0,0
4595,0.5,0,3,9,-3,4.40099936868416,8.85149905302624,-0.0495003156579213,0.479251,0,0.2396255,0,9,0.5,0.5,0,0,1,1
4600,1,1,7.5,8,7,3.98228663953327,7.71658623253235,0.247987046534192,0.225826,0,0.112913,0,8,0,0.5,1,1,1,0
4605,0,0,-2,3,-7,0.924205946950498,2.6545235681703,-0.806111674269302,0.169591,0.148018,0.1588045,0,3,0,0,0,0,0,0
4610,0.5,0,7.5,10,5,3.53228593614997,4.12914374459987,2.93542812770006,0,0,0,0,5,0.5,0.5,0.5,0,0,0
4615,0.5,0,2.5,8,-3,3.61560846400126,7.44088503854729,-0.209668110544765,0.225826,0,0.112913,0,8,0,0.5,0.5,1,1,0
4620,0.5,0,0,7,-7,-2.75187546459077,0.748124535409228,-6.25187546459077,0.305545,0,0.1527725,-7,0,0,0.5,0,0,0,0
4625,1,1,9,10,8,4.12333512752093,7.01331897983257,1.23335127520929,0.225826,0,0.112913,0,8,0.5,1,1,1,1,0
4630,0.5,0,6,7,5,2.62316437707248,4.38417811463761,0.862150639507342,0,0,0,0,5,0,0.5,0,0,0,0
4635,0.5,0,6.5,10,3,2.2598402391741,2.3487083664222,2.17097211192601,0.148018,0.0074789999,0.07774849995,0,3,0.5,0.5,0.5,0,0,0
4638,1,1,8.5,10,7,4.12280364036917,4.1520242691278,4.09358301161054,0.189547,0,0.0947735,0,7,0.5,1,0.5,0,1,0
4640,0.5,0,2,6,-2,1.94193762441938,4.41290643662906,-0.529031187790312,0.481649,0.250395,0.366022,0,6,0,0,0.5,1,0,0
4645,0.5,0,2.5,8,-3,3.20269403463759,6.84028223220013,-0.434894162924952,0,0,0,0,8,0,0.5,0.5,1,1,0
4650,1,1,7.5,8,7,3.97238971599167,7.55823545586676,0.386543976116589,0,0,0,0,8,0,0.5,0.5,0,1,0
4655,0.5,0,3.5,10,-3,0.951986059056359,3.77228624470209,-1.86831412658937,0,0,0,-3,0,0.5,0.5,0.5,0,0,0
4663,0.5,0,0,9,-9,2.71618667505755,7.21618667505755,-1.78381332494245,0,0,0,0,9,0,0.5,0.5,1,1,0
4665,0.5,0,6.5,8,5,3.70831572720358,6.44435054508578,0.972280909321389,0,0,0,0,8,0,0.5,0.5,1,1,0
4670,0.5,0,5,10,0,0.974247120498986,1.94849424099797,0,0,0,0,0,0,0.5,1,0.5,0,1,0
4675,0,0,1.5,3,0,1.45144825315856,2.90289650631712,0,0.30420601,0,0.152103005,0,3,0,0.5,0,0,0,0
4680,1,1,8.5,10,7,4.28813687637217,5.25424584248114,3.3220279102632,0,0,0,0,10,0.5,1,0.5,1,1,1
4685,1,1,8.5,10,7,4.21948003014318,4.79653353428787,3.64242652599849,0,0,0,0,7,0.5,0.5,1,1,0,0
4690,0.5,0,-1,7,-9,-2.99993211133741,1.31255940257977,-7.31242362525458,0,0,0,-9,0,0,0,0.5,0,0,0
4695,1,1,8.5,9,8,4.07047584715213,6.87238644556597,1.26856524873828,0.165659,0,0.0828295,0,8,0,1,1,1,1,0
4700,0.5,0,5.5,8,3,3.2858882602016,5.71484243264511,0.856934087758084,0,0,0,0,8,0,1,0.5,1,1,0
4705,1,1,8.5,10,7,4.68548111596128,7.90320743974189,1.46775479218068,0,0,0,0,10,0.5,0.5,1,1,1,1
4710,1,1,8.5,10,7,3.78648935109637,5.66304969488359,1.90992900730915,0,0,0,0,7,0.5,1,0.5,0,1,0
4715,1,1,7.5,8,7,3.51191847949958,6.83314128700585,0.190695671993314,0,0,0,0,7,0,0.5,0.5,0,1,0
4720,0.5,0,-0.5,8,-9,-3.34471679722754,1.08732536731526,-7.77675896177033,0,0,0,-9,0,0,0,0.5,0,0,0
4725,0.5,0,1,8,-6,1.1186383136323,4.70701521557977,-2.46973858831518,0,0,0,0,8,0,0.5,0.5,1,1,0
4730,0.5,0,3.5,7,0,3.07971796100991,6.15943592201981,0,0,0,0,0,7,0,1,0,0,1,0
4735,1,1,8,10,6,4.86336967623934,9.3168483811967,0.409890971281978,0.010511,0,0.0052555,0,10,0.5,0.5,0.5,1,1,1
4740,0.5,0,7.5,10,5,4.92998186580697,9.71992746322788,0.140036268386057,0.0074669998,0,0.0037334999,0,10,0.5,1,0.5,1,1,1
4744,1,1,7.5,8,7,3.80949115432424,4.95185846918779,2.66712383946068,0.337538,0,0.168769,0,8,0,1,0,0,1,0
4745,0.5,0,3.5,10,-3,4.52423954372624,9.2680608365019,-0.21958174904943,0.498915,0.0046959999,0.25180549995,0,10,0.5,0.5,0.5,1,1,1
4750,0,0,-6,-5,-7,-2.48626675903664,-1.24760585190921,-3.72492766616406,0.22674,0,0.07558,-7,0,0,0,0,0,0,0
4755,0,0,-3,1,-7,-0.936994711567686,0.640751322108079,-2.51474074524345,0.22674,0.22674,0.22674,0,1,0,0,0,0,0,0
4760,0.5,0,1.5,10,-7,-0.489922096917321,3.54126812127374,-4.52111231510838,0.22674,0.086099,0.1564195,-7,0,0.5,0.5,0.5,0,0,0
4764,0,0,-9,-9,-9,-4.5,-1.88168369484642,-7.11831630515358,0,0,0,-9,0,0,0,0,0,0,0
4765,0,0,-5.5,-4,-7,-2.59721878509832,-2.40741657307114,-2.78702099712551,0,0,0,-4,0,0,0,0,0,0,0
4770,0.5,0,1.5,8,-5,1.82115291114623,5.31834204448766,-1.67603622219521,0,0,0,0,8,0,0.5,0.5,1,1,0
4775,1,1,10,10,10,5,8.47340670228954,1.52659329771046,0.14656401,0,0.073282005,0,10,1,1,1,1,1,1
4778,0,1,NA,-Inf,Inf,NA,-Inf,Inf,0.33417401,0.33417401,0.33417401,0,0,NA,NA,NA,0,0,0
4780,0,0,-7,-7,-7,-3.5,-3.34976891044708,-3.65023108955292,0.220209,0,0.1101045,-7,0,0,0,0,0,0,0
4785,0.5,0,5,10,0,4.38667644647711,8.77335289295422,0,0.14961401,0,0.074807005,0,10,0.5,0.5,0.5,1,1,1
4790,0.5,0,1,8,-6,2.59467402655527,6.39391317320603,-1.20456512009548,0,0,0,0,8,0,0.5,0,0,1,0
4795,1,1,6.5,7,6,3.36502776649059,5.11038873086821,1.61966680211296,0,0,0,0,7,0,0,1,1,0,0
4800,0.5,0,-0.5,6,-7,-2.77099727308142,0.672925594078691,-6.21492014024153,0.220209,0,0.1101045,-7,0,0,0,0,0,0,0
4805,1,1,9,10,8,4.18865895267764,6.49072837857885,1.88658952677644,0,0,0,0,8,0.5,1,1,1,1,0
4810,0,0,-3.4,3,-7,-0.824373100838696,0.84717157659551,-4.89198904002927,0.424341,0,0.146237202,-7,0,0,0,0,0,0,0
4815,0.5,0,0.5,7,-6,3.18482480526962,6.66058055952113,-0.290930948981892,0,0,0,0,7,0,0.5,0,0,1,0
4820,0.5,0,0.5,8,-7,1.76160887329108,5.61238279817715,-2.08916505159499,0.220209,0,0.1101045,0,8,0,0.5,0,0,1,0
4823,0,0,-7.5,-6,-9,-3.96876069163355,-2.1249572334658,-5.8125641498013,0,0,0,-9,0,0,0,0,0,0,0
4825,0.5,0,-0.5,8,-9,1.32963783237105,5.48671795987864,-2.82744229513653,0,0,0,0,8,0,0.5,0,0,1,0
4830,1,1,9.5,10,9,4.6512901401744,6.27677747686081,3.02580280348799,0.14961401,0,0.074807005,0,9,0.5,1,1,1,1,0
4837,0,0,-4.5,-3,-6,-2.27691107644306,-1.44617784711388,-3.10764430577223,0,0,0,-6,0,0,0,0,0,0,0
4840,0,0,-6,-5,-7,-3.17385133936491,-1.63074330317545,-4.71695937555437,0.220209,0,0.1101045,-7,0,0,0,0,0,0,0
4845,1,1,9,10,8,4.27268901288369,5.81848789693045,2.72689012883694,0,0,0,0,8,0.5,1,0.5,0,1,0
4846,0,0,-5,-4,-6,-2.2985601135935,-1.79136068156102,-2.80575954562598,0,0,0,-4,0,0,0,0,0,0,0
4850,1,1,8.5,10,7,4.1055328833778,4.17417987757024,4.03688588918537,0.143841,0,0.0719205,0,7,0.5,1,0.5,0,1,0
4855,1,1,8.5,10,7,3.81667635699157,5.52217700070601,2.11117571327713,0.14961401,0,0.074807005,0,7,0.5,1,0.5,0,1,0
4857,0,0,-6,-3,-9,-4.10620220900595,-0.393797790994053,-7.81860662701784,0,0,0,-9,0,0,0,0,0,0,0
4859,0,0,-5.33333333333333,-3,-9,-2.03661136491144,-0.181918730464054,-3.90685260880019,0,0,0,-4,0,0,0,0,0,0,0
4860,0.5,0,-1,7,-9,-1.3511610201751,2.75523410734678,-5.45755614769699,0,0,0,-9,0,0,0.5,0,0,0,0
4865,0,0,-2,3,-7,1.32339229445299,2.89403537667179,-0.247250787765812,0.32094499,0,0.160472495,0,3,0,0,0,0,0,0
4867,0,0,-3.5,-3,-4,-1.94642250169952,-0.321464989802855,-3.57138001359619,0,0,0,-4,0,0,0,0,0,0,0
4870,0,0,-7,-7,-7,-3.5,-1.34507385468996,-5.65492614531004,0.163496,0,0.081748,-7,0,0,0,0,0,0,0
4875,0.5,0,5,7,3,1.91747697664527,2.3737845350321,1.46116941825844,0.32094499,0,0.160472495,0,3,0,0.5,0,0,0,0
4880,1,1,7.5,8,7,3.63128650591583,5.16198891717837,2.10058409465329,0,0,0,0,7,0,1,0,0,1,0
4885,0,0,-1.5,3,-6,1.39712706160335,2.9314180410689,-0.137163917862197,0.32094499,0,0.160472495,0,3,0,0,0,0,0,0
4890,0,0,-1.5,3,-6,1.43868378218408,2.95912252145605,-0.0817549570878958,0.32094499,0,0.160472495,0,3,0,0,0,0,0,0
4895,0.5,0,0.5,10,-9,3.81900873109869,8.75685129589335,-1.11883383369598,0.14936499,0,0.074682495,0,10,0.5,0.5,0.5,1,1,1
4896,0.5,0,6,9,3,1.51706325247718,2.98293674752282,0.0511897574315445,0.32094499,0.27678701,0.298866,0,3,0.5,0.5,0,0,0,0
4898,0.5,0,-1,7,-9,2.2368344353972,5.89473013097255,-1.42106126017815,0,0,0,0,7,0,0.5,0,0,1,0
4900,0,0,2.5,5,0,0.160075744231108,0.320151488462216,0,0.21725601,0.19328101,0.20526851,0,0,0,0,0,0,0,0
4905,0.5,0,-0.5,8,-9,-0.817234765931479,3.46613198500567,-5.10060151686863,0,0,0,-9,0,0,0.5,0.5,0,0,0
4908,0,0,-7,-7,-7,-7,-7,-7,0.430833,0.430833,0.430833,-7,-7,0,0,0,0,0,0
4910,0,0,-6.5,-4,-9,-3.22213031544911,-2.04459149528142,-4.3996691356168,0,0,0,-4,0,0,0,0,0,0,0
4913,1,1,6.5,7,6,3.48923028079582,6.84922393114153,0.12923663045012,0,0,0,0,7,0,0.5,0,0,1,0
4915,0,0,-3,0,-6,-0.288569484606226,0,-0.577138969212451,0.21725601,0.165709,0.191482505,0,0,0,0,0,0,0,0
4920,0.25,0,0,6,-3,-0.309465128046093,0.111348686895066,-0.807792123002595,0.267607,0.21813999,0.250187745,0,0,0,0,0,0,0,0
4925,0,0,0.5,5,-4,-1.15435076210689,0.93961026432568,-3.24831178853946,0,0,0,-4,0,0,0,0,0,0,0
4930,0,0,5,5,5,2.5,3.02860696517413,1.97139303482587,0,0,0,0,5,0,0,0,0,0,0
4935,0,0,-5.5,-4,-7,-2.9931162941367,-1.35168988230213,-4.63454270597128,0.480836,0.16569999,0.323267995,-7,0,0,0,0,0,0,0
4940,0.5,0,-2,6,-10,1.66671412116427,5.00003559087321,-1.66660734854466,0.306961,0.213892,0.2604265,0,6,0,0,0,0,0,0
4945,0,0,-2.5,5,-6,-0.182964362107428,0.114409385930285,-0.658433475015836,0.27065501,0.213892,0.251515177272727,0,0,0,0,0,0,0,0
4948,0.5,0,-0.5,6,-7,2.44238002753466,5.48527387157046,-0.600513816501131,0,0,0,0,6,0,0.5,0,0,1,0
4950,0,0,-4,-1,-7,-3.13854436418155,-0.120485211939485,-6.15660351642361,0,0,0,-7,0,0,0,0,0,0,0
4951,0,0,-5,-1,-9,-4.07265008913195,-0.106837477717014,-8.03846270054688,0,0,0,-9,0,0,0,0,0,0,0
4952,1,1,9,10,8,4.64222129650399,6.4222129650399,2.86222962796808,0.161024,0.070259,0.1156415,0,10,0.5,1,0.5,1,1,1
4953,0.228571428571429,0,1.28125,9,-7,0.0520882137524585,1.64018973962818,-0.430622974510778,0.503476,0.16368599,0.324013285714286,0,9,0,0.166666666666667,0.0333333333333333,1,1,0
4955,0,0,-7,-7,-7,-3.5,-2.56668956718029,-4.43331043281971,0.22847299,0,0.114236495,-7,0,0,0,0,0,0,0
4957,1,1,7,8,6,3.01612049881866,5.90327700708805,0.128963990549262,0.306961,0.28116,0.2940605,0,6,0,0.5,0,0,0,0
4958,1,1,6.5,7,6,3.00474471783591,5.9430633859691,0.066426049702722,0.306961,0.28116,0.2940605,0,6,0,0,0.5,0,0,0
4960,0,0,-6,-6,-6,-1.49926421790692,-1.49926421790692,-1.49926421790692,0.25543299,0.21468499,0.23505899,0,0,0,0,0,0,0,0
4965,0,0,-8.83333333333333,-7,-10,-1.55519495091164,-0.265329593267882,-6.28493688639551,0.486697,0.319653,0.446471666666667,-10,0,0,0,0,0,0,0
4968,0.5,0,4.5,6,3,2.70131651001409,4.80526604005638,0.597366979971811,0.293019,0.175661,0.23434,0,6,0,0,0,0,0,0
4970,1,1,7,8,6,3.91741993344505,7.33935946756036,0.49548039932973,0,0,0,0,8,0,0.5,0,0,1,0
4975,0,0,-1,5,-7,-2.20507197133502,1.07910669055415,-5.48925063322419,0,0,0,-7,0,0,0,0,0,0,0
4978,0.5,0,2.5,6,-1,2.91960775453025,5.86218472205186,-0.0229692129913559,0,0,0,0,6,0,0.5,0,0,1,0
4980,0.5,0,-0.5,6,-7,-1.91144903774463,1.46635473438957,-5.28925280987883,0.424319,0.293019,0.358669,-7,0,0,0,0,0,0,0
4985,0.357142857142857,0,2.76923076923077,10,-9,0.284327168010637,3.59957044096919,-0.324710191479773,0.26277599,0.16180199,0.224065563571429,0,9,0.0909090909090909,0.181818181818182,0.272727272727273,1,1,0
4988,0,0,5,5,5,2.5,2.99126637554585,2.00873362445415,0,0,0,0,5,0,0,0,0,0,0
4990,1,1,7,8,6,3.00874819674924,5.94751081950455,0.0699855739939296,0.293019,0,0.1465095,0,6,0,0.5,0.5,0,0,0
4995,0.5,0,7.5,10,5,4.90613504097164,9.62454016388656,0.187729918056718,0.163955,0,0.0819775,0,10,0.5,0.5,0.5,1,1,1
4998,0.5,0,0.5,10,-9,4.82513469690006,9.8159312598948,-0.165661866094684,0.42833599,0,0.214167995,0,10,0.5,0.5,0.5,1,1,1
4999,0,0,1,5,-3,1.09358728418745,3.24198410523431,-1.05480953685941,0,0,0,0,5,0,0,0,0,0,0
5000,0.5,0,-1.5,6,-9,2.89386497464751,5.91509197971801,-0.127362030422992,0.29051301,0,0.145256505,0,6,0,0,0,0,0,0
5005,0,0,-8,-7,-9,-3.71955276289041,-1.97597486601368,-5.46313065976714,0,0,0,-7,0,0,0,0,0,0,0
5010,0,0,-7,-7,-7,-7,-7,-7,0.434497,0.434497,0.434497,-7,-7,0,0,0,0,0,0
5015,0,0,-5,-3,-7,-3.4949683610701,-0.0075474583948562,-6.98238926374534,0.434497,0,0.2172485,-7,0,0,0,0,0,0,0
5020,0.5,0,0.5,10,-9,-3.16388996512979,1.40643161565285,-7.73421154591244,0,0,0,-9,0,0.5,0.5,0.5,0,0,0
5025,1,1,7,8,6,3.05619593753427,5.66282437479439,0.449567500274142,0,0,0,0,6,0,0.5,0.5,0,1,0
5027,0.5,0,3.5,8,-1,1.85935292455496,4.19440519920882,-0.475699350098898,0,0,0,0,8,0,0.5,0.5,1,1,0
5030,0,0,-6.5,-6,-7,-3.48912688125724,-0.130477424913173,-6.8477763376013,0.434497,0,0.2172485,-7,0,0,0,0,0,0,0
5032,0.5,0,3.5,10,-3,3.90084701482276,8.30899540741963,-0.507301377774111,0.806934,0.35153201,0.579233005,0,10,0.5,0.5,0.5,1,1,1
5035,1,1,7,8,6,3.06700853866614,5.59794876800318,0.536068309329089,0.28215399,0.117467,0.199810495,0,6,0,0.5,0,0,0,0
5040,0,0,-4.5,-3,-6,-2.84592560623634,-0.308148787527311,-5.38370242494538,0.141339,0.141339,0.141339,-6,0,0,0,0,0,0,0
5045,0.5,0,-1.5,6,-9,2.59598731855287,5.6767898548423,-0.484815217736556,0.178229,0.133828,0.1560285,0,6,0,0,0,0,0,0
5050,1,1,7.5,9,6,3.27266854487053,4.90932582051788,1.63601126922318,0.77253902,0.106815,0.43967701,0,6,0,1,0.5,0,1,0
5055,0.4,0,1.77777777777778,8,-5,0.179449903978683,0.988055510805275,-0.178822121470162,0.67737597,0.399059,0.601108586,0,0,0,0.222222222222222,0,0,0,0
5060,0,0,-6,-5,-7,-3.42407963880164,-0.379601805991786,-6.4685574716115,0.423472,0.277491,0.3504815,-7,0,0,0,0,0,0,0
5065,0,0,-6.5,-6,-7,-3.14996963494456,-2.09957488922378,-4.20036438066533,0.134389,0.134389,0.134389,-6,0,0,0,0,0,0,0
5070,0,0,-8,-7,-9,-3.51321438505541,-0.118929465498684,-6.90749930461213,0.423472,0.134389,0.2789305,-7,0,0,0,0,0,0,0
5075,0.5,0,-1.5,6,-9,2.60065854965924,5.68052683972739,-0.479209740408913,0.17129301,0.134389,0.152841005,0,6,0,0,0,0,0,0
5080,0.5,0,1,9,-7,-3.49804498327946,0.00219939381060496,-6.99828936036953,0.404723,0.067950003,0.2363365015,-7,0,0,0.5,0.5,0,0,0
5085,0,0,-1.5,4,-7,-2.72510015469438,0.563563523858633,-6.01376383324739,0.14155801,0.141558,0.141558005,-7,0,0,0,0,0,0,0
5090,0.181818181818182,0,0.727272727272727,8,-4,0.0894917491455327,1.09915771947651,-0.706634183367408,0.905275,0.459957,0.663375812727273,0,5,0,0.0909090909090909,0,0,0,0
5095,1,1,9,10,8,4.34475358955231,5.24197128358154,3.44753589552308,0.249768,0.108601,0.1791845,0,8,0.5,1,0.5,0,1,0
6005,0,0,-5,-3,-7,-3.4962653091703,-0.00560203624455134,-6.98692858209605,0.400708,0.144711,0.2727095,-7,0,0,0,0,0,0,0
6010,0,0,-5,-3,-7,-3.1008497445025,-0.598725383246254,-5.60297410575874,0.144711,0.144711,0.144711,-7,0,0,0,0,0,0,0
6015,0,0,-7,-7,-7,-3.5,-2.75926711341081,-4.24073288658919,0.144711,0.144711,0.144711,-7,0,0,0,0,0,0,0
6020,0,0,-3,4,-9,-0.840904360406106,0.704977398852359,-5.57777882611269,0.400708,0.144711,0.190851998333333,-7,0,0,0,0,0,0,0
6025,0,0,-9,-9,-9,-4.5,-2.34420254162152,-6.65579745837849,0.144711,0.144711,0.144711,-9,0,0,0,0,0,0,0
