"","atopid","polity","s_wt_glo","maxmajpow","consultatop","nagatop","neutatop","defenseatop","offenseatop","secrecy","conditio","intcom","base","contrib","ecaid","milaid","organ1","specthrt","macowe","maconc","maconp","nmacowe","nmaconc","nmaconp","nmaroir","condother","speclength","condlength","renounceok","renounceproh","renouncecond","milcontact","commondef","lallycount","lsumcap","ldistance","compel","prob","deter","deterministic","unconditional","PotMilCapacity.score","Depth.score","Scope.score","indx"
"1",1040,0.5,1,0,0,0,0,1,1,0,1,1,3,1,0,0,0,1,1,1,1,0,0,0,0,0,0,1,0,0,0,0,0,0.693,-2.45,6.827,1,1,1,1,1,-0.958,1.537,2.738,1
"2",1045,1.667,0.446,1,1,0,0,0,0,0,1,0,0,0,0,0,0,1,0,0,0,1,0,0,0,0,0,0,0,0,0,0,0,1.099,0.226,6.731,0,0,0,0,0,0.999,-0.491,-0.544,2
"3",1050,0,0.868,1,0,0,0,1,0,1,1,1,0,1,0,0,0,1,1,0,0,0,0,0,0,0,0,0,0,0,0,1,0,0.693,-2.33,0,0,0,1,1,0,0.659,1.084,0.192,3
"4",1055,3.5,0.899,1,0,0,0,0,1,0,1,0,0,0,0,0,0,1,1,1,0,0,0,0,0,1,0,0,0,0,0,0,0,0.693,-0.816,5.361,1,0,0,1,1,0.81,-0.484,2.687,4
"5",1060,2.5,0.419,1,0,0,0,1,0,0,1,0,0,0,0,0,0,1,0.5,0,0,0,0,0,0,0,0,0,0,0,0,0,0,0.693,-1.732,0,1,1,1,1,1,0.791,-0.51,1.453,5
"6",1065,0,0.891,1,1,0,0,0,1,1,1,0,0,0,0,0,0,1,1,0,0,1,0,0,0,0,0,0,0,0,0,0,0,1.099,-0.547,0,1,0,1,1,1,0.828,-0.565,2.249,6
"7",1070,0,0.84,0,0,0,0,0,1,0,1,0,0,1,0,0,0,1,1,1,0,0,0,0,0,1,1,0,0,0,0,0,0,0.693,-3.289,6.096,0,0,1,1,1,-1.021,0.024,2.164,7
"8",1075,0,0.744,1,1,0,0,1,0,1,0,0,0,1,0,0,0,0,0,0,0,0,0,0,0,0,1,0,0,0,0,0,0,0.693,-1.558,0,0,1,1,0,0,0.762,-0.066,-0.448,8
"9",1080,0,0.836,1,1,0,0,0,0,0,1,0,0,0,0,0,0,1,0,0,0,1,0,0,0,0,0,0,0,0,0,0,0,0.693,-1.427,0,0,0,0,0,0,0.749,-0.482,-0.566,9
"10",1085,0,0.836,1,1,0,0,1,1,0,1,0,0,0,0,0,0,1,1,0,0,1,0,0,0,0,0,0,0,0,0,0,0,0.693,-1.427,0,0,0,1,1,0,0.754,-0.48,0.986,10
"11",1090,0,0.864,1,1,0,0,1,1,0,1,0,0,0,0,0,0,1,1,0,0,1,0,0,0,1,0,0,0,0,0,0,0,0.693,-1.577,0,0,1,1,0,0,0.72,-0.491,0.818,11
"12",1095,0,0.891,1,0,0,0,1,0,1,1,0,0,0,0,0,0,0,0,0,0,0,0,0,0,1,0,0,0,0,0,0,0,1.099,-0.547,0,0,1,1,0,0,0.84,-0.531,-0.27,12
"13",1100,2.25,0.995,1,1,0,0,1,0,0,1,0,0,1,0,0,0,1,0.625,0,0,1,0,0,0,0,0,0,0,0,0,0,0,0.693,0.368,6.179,1,0,0,1,1,0.924,0.041,1.413,13
"14",1110,1.2,0.947,1,0,0,0,1,1,0,1,0,0,0,0,0,0,1,1,1,0,0,0,0,0,1,0,0,0,0,0,0,0,1.609,0.916,6.319,1,0,1,1,1,1.026,-0.494,2.837,14
"15",1115,3,0.139,1,1,0,0,0,0,0,1,0,0,0,0,0,0,1,0,0,0,1,0,0,0,0,0,0,0,0,0,0,0,0.693,-0.808,7.06,0,0,0,0,0,0.918,-0.511,-0.549,15
"16",1120,3,0.997,1,0,0,0,1,0,0,1,0,0,1,0,0,0,1,0.75,0,0,0,0,0,0,0,0,0,0,0,0,0,0,1.386,0.367,6.179,1,0,0,1,1,0.946,0.033,1.517,16
"17",1125,0,0.565,1,0,0,0,1,0,0,1,0,3,1,0,0,0,0,0.5,0,0,0,0,0,0,0,0,0,0,0,0,0,0,0.693,-2.63,0,0,0,1,1,0,0.651,0.906,0.04,17
"18",1135,0,1,1,1,0,0,1,0,0,1,0,0,0,0,0,3,1,0,0,0,0,0,0,0,1,1,0,0,0,0,0,0,1.099,-2.186,4.19,0,0,1,1,1,0.661,-0.014,0.748,18
"20",1145,0.5,0.751,1,0,0,0,1,1,0,0,0,0,1,0,0,0,0,0,0,0,0,0,0,0,0,0,0,0,0,0,0,0,0.693,-1.954,0,1,0,1,1,1,0.713,0.011,2.173,19
"21",1160,2,0.988,1,1,0,0,1,0,0,1,0,3,0,0,0,0,1,0.75,0,0,1,0,0,0,0,0,0,0,0,0,0,0,1.386,0.015,7.088,0,1,1,0,0,0.924,0.413,-0.23,20
"22",1165,3,0.982,1,1,0,0,0,1,0,1,0,0,0,0,0,0,1,1,0,0,1,0,0,0,0,0,1,0,0,0,0,0,1.099,-0.773,5.361,1,0,0,1,1,0.822,-0.49,2.246,21
"23",1170,0.5,0.007,1,0,0,0,1,1,0,1,0,0,1,0,0,0,1,0,0,0,0,0,0,0,1,0,0,0,0,0,0,0,0.693,-2.051,0,1,0,1,1,1,0.802,0.013,2.28,22
"24",1175,0.5,0.859,1,0,0,0,1,0,0,1,0,3,0,0,0,0,1,0.5,0.5,0,0,0,0,0,0,0,1,0,0,0,0,0,0.693,-2.07,0,1,0,1,1,1,0.687,0.4,1.581,23
"25",1180,2.333,0.894,1,1,0,0,1,1,0,1,0,0,1,0,0,2,1,1,0,0,1,0,0,0,0,0,0,0,0,0,0,0,1.099,0.08,6.293,0,0,1,1,1,0.931,0.332,1.817,24
"26",1185,0.5,0.859,1,1,0,0,0,0,0,1,0,0,0,0,0,0,1,0,0,0,1,0,0,0,0,0,0,0,0,0,0,0,0.693,-1.581,6.466,0,0,0,0,0,0.757,-0.452,-0.55,25
"27",1190,2.333,0.845,1,1,0,0,1,0,0,1,0,0,0,0,0,0,1,0.667,0,0,1,0,0,0,0,0,0,0,0,0,0,0,1.099,-0.092,6.535,0,0,1,1,0,0.917,-0.482,0.024,26
"28",1195,2.333,0.864,1,1,0,0,0,1,0,1,0,0,0,0,0,0,1,1,0,0,1,0,0,0,0,0,0,0,0,0,0,0,1.099,-0.001,6.293,0,0,1,1,0,0.926,-0.496,0.864,27
"29",1200,0.5,0.998,0,0,0,1,0,0,0,0,0,0,0,0,0,0,0,0,0,0,0,0,0,0,0,1,0,0,0,0,0,0,0.693,-5.804,0,0,0,0,0,0,-1.327,-0.48,-0.543,28
"30",1205,1,0.999,0,0,0,1,1,0,0,0,0,0,0,0,0,0,0,0,0,0,0,0,0,0,0,0,0,0,0,0,0,0,1.099,-4.477,0,0,0,1,1,1,-1.173,-0.471,0.706,29
"31",1210,0,0.112,1,0,0,0,1,1,1,1,0,0,1,0,2,2,1,1,0,0,0,0,0,0,0,0,0,0,0,0,0,0,0.693,-1.874,0,0,0,1,1,0,0.785,1.074,1.054,30
"32",1215,0,0.068,1,1,0,1,0,0,1,1,0,0,0,0,0,0,1,0,0,0,1,0,0,0,0,0,0,0,0,0,0,0,0.693,-1.367,7.036,0,0,0,0,0,0.881,-0.568,-0.627,31
"33",1220,1,1,0,0,0,1,1,0,0,0,0,0,1,0,0,2,0,0,0,0,0,0,0,0,0,0,0,0,0,0,0,0,0.693,-5.604,0,0,0,1,1,0,-1.296,0.348,-0.122,32
"34",1225,3.5,0.941,1,0,0,0,0,1,0,1,0,0,0,0,0,0,1,1,1,0,0,0,0,0,0,0,0,0,0,0,0,0,1.099,-0.259,5.81,1,0,0,1,1,0.877,-0.509,2.613,33
"36",1230,0,0.887,1,0,0,0,0,1,1,1,0,0,0,0,0,0,1,1,0,0,0,0,0,0,0,0,1,0,0,0,1,0,0.693,-2.046,0,1,0,0,1,1,0.66,-0.054,2.325,34
"37",1235,1,1,0,0,1,0,1,0,0,0,0,0,0,0,0,0,0,0,0,0,0,0,0,0,0,0,0,1,0,0,0,0,0.693,-6.483,0,0,0,1,1,0,-1.386,-0.486,-0.092,35
"38",1240,1,1,0,0,1,0,1,0,0,0,0,0,0,1,0,0,0,0,0,0,0,0,0,0,0,0,0,0,0,0,0,0,0.693,-6.898,0,0,0,1,1,1,-1.438,-0.359,0.762,36
"39",1245,0.5,0.359,1,1,0,0,0,1,0,1,1,0,0,0,0,0,1,1,1,0,1,0,0,0,0,0,0,0,0,0,0,0,0.693,-2.339,0,1,0,0,1,1,0.726,0.129,2.548,37
"40",1255,1,1,0,1,0,0,1,1,0,1,1,0,0,0,1,0,1,1,0,0,1,0,0,0,0,0,0,0,0,0,0,0,1.099,-4.617,0,1,0,1,1,1,-1.193,0.568,2.399,38
"41",1260,2,0.999,0,0,0,0,1,1,0,1,0,0,1,0,0,0,1,1,0,0,0,0,0,0,0,0,0,0,0,0,0,0,1.386,-5.826,7.336,0,0,1,1,1,-1.268,0.016,1.894,39
"42",1265,0.5,0.715,1,0,0,0,0,1,1,1,0,0,0,0,0,0,1,1,1,0,0,0,0,0,0,1,0,0,0,0,0,0,0.693,-2.155,6.358,1,0,0,1,1,0.706,-0.569,2.622,40
"43",1270,0.5,0.773,1,1,0,1,0,0,1,1,0,0,0,0,0,0,1,0,0,0,1,0,0,0,0,0,0,0,0,0,0,0,0.693,-1.792,6.466,0,0,0,0,0,0.738,-0.545,-0.615,41
"44",1275,0,0.906,1,0,0,0,1,1,1,0,0,0,0,0,0,0,0,0,0,0,0,0,0,0,0,0,0,0,0,0,0,0,0.693,-2.701,0,0,0,1,1,1,0.617,-0.533,1.633,42
"45",1280,0,0.906,1,0,0,0,1,1,1,0,0,0,0,0,0,0,0,0,0,0,0,0,0,0,0,0,0,0,0,0,0,0,0.693,-2.621,0,0,0,1,1,1,0.604,-0.563,1.645,43
"46",1285,1,0.906,1,0,0,0,1,1,1,0,0,0,0,0,0,0,0,0,0,0,0,0,0,0,0,0,0,0,0,0,0,0,0.693,-2.696,0,1,0,1,1,1,0.614,-0.51,2.174,44
"47",1287,0,0.906,1,0,0,0,1,1,0,0,1,0,0,0,0,3,0,0,0,0,0,0,0,0,0,0,1,0,0,0,1,0,0.693,-2.713,0,1,0,1,1,1,0.62,1.091,2.178,45
"49",1295,6,0.648,1,0,0,1,0,1,0,1,0,0,0,0,0,0,1,1,1,0,0.5,0,0,0,0,0,1,0,0,0,0,0,0.693,-1.056,6.361,0,0,1,1,0,0.826,-0.508,1.183,46
"50",1300,6,0.745,1,0,0,1,0,1,0,1,0,0,0,0,0,0,1,1,1,0,0.5,0,0,0,0,0,1,0,0,0,0,0,0.693,-0.997,5.361,0,0,1,1,0,0.814,-0.48,1.205,47
"51",1305,1,1,0,0,0,0,1,0,1,0,0,0,0,0,0,0,0,0,0,0,0,0,0,0,0,0,0,1,0,0,0,0,0.693,-6.352,0,0,0,1,1,0,-1.36,-0.561,-0.085,48
"52",1310,0,0.753,1,0,0,0,1,0,1,1,0,0,1,0,0,0,0,1,0,0,0,0,0,0,0,0,0,1,0,0,0,0,0.693,-1.631,0,0,0,1,1,0,0.74,-0.049,0.186,49
"53",1315,0.333,0.369,1,1,0,0,0,0,0,0,0,0,0,0,0,0,0,0,0,0,0,0,0,0,0,0,0,1,0,0,0,0,1.099,-0.72,0,0,0,0,0,0,0.905,-0.49,-0.607,50
"54",1325,0.5,0.263,1,0,0,1,0,0,1,1,0,0,0,0,0,0,1,0,0,0,0.5,0.5,0,0,0,0,0,0,0,0,0,0,0.693,-1.751,0,0,0,0,0,0,0.804,-0.538,-0.54,51
"55",1330,3,0.984,1,0,0,0,1,0,0,1,0,3,0,0,0,0,1,0.5,0,0,0,0,0,0,0,0,1,0,0,0,0,0,0.693,-1.367,7.475,1,0,1,1,1,0.766,0.409,1.425,52
"56",1335,1,1,1,0,0,1,1,0,1,1,0,0,0,0,0,0,1,1,0,0,1,0,0,0,0,1,0,0,0,0,0,0,0.693,-1.87,0,0,0,1,1,0,0.687,-0.56,0.168,53
"57",1340,0.667,0.893,1,1,0,1,0,0,0,1,0,0,0,0,0,0,1,0,0,0,1,0,0,0,1,1,0,0,0,0,0,0,1.099,-0.687,0,0,0,0,0,0,0.836,-0.522,-0.512,54
"58",1345,1,0.642,1,1,0,1,0,0,0,0,0,0,0,0,0,0,0,0,0,0,0,0,0,0,0,1,0,0,0,0,0,0,0.693,-3.112,0,0,0,0,0,0,0.6,-0.476,-0.629,55
"59",1350,1,0.916,1,1,0,1,1,0,1,1,0,0,0,0,0,0,1,1,0,1,1,0,0,0,0,1,0,0,0,0,0.25,0,1.099,-0.996,5.505,0,1,1,0,0,0.801,-0.439,-0.176,56
"60",1355,0.667,0.877,1,1,0,0,1,0,1,1,0,0,0,0,0,0,0,0.25,0,0.75,0.5,0,0,0,0,1,0,0,0,0,0,0,1.386,-1.129,5.597,0,1,1,0,0,0.802,-0.568,-0.354,57
"61",1360,3,0.495,1,1,0,0,0,0,0,1,0,0,0,0,0,0,1,0,0,0,1,0,0,0,0,0,0,0,0,0,0,0,1.099,-0.574,6.316,0,0,0,0,0,0.906,-0.519,-0.572,58
"62",1365,2.25,0.67,1,1,1,0,0,0,1,1,0,0,0,0,0,0,1,0,0,0,1,0,0,0,0,1,0,0,0,0,0,0,1.386,-0.362,6.47,0,0,0,0,0,0.904,-0.545,-0.555,59
"63",1370,0.5,0.752,1,1,0,1,0,0,1,1,0,0,0,0,0,0,1,0,0,0,1,0,0,0,1,1,0,0,0,0,0,0,0.693,-1.535,0,0,0,0,0,0,0.748,-0.566,-0.512,60
"64",1375,3,0.495,1,1,0,0,0,1,1,1,0,0,0,0,0,0,1,1,1,0,1,0,0,0,0,0,0,0,0,0,0,0,1.099,-0.574,6.316,0,0,1,1,1,0.898,-0.555,1.974,61
"65",1380,3.5,0.751,1,1,0,0,0,0,1,0,0,0,0,0,0,0,1,0,0,0,0,0,0,0,0,0,0,0,0,0,0,0,0.693,-1.624,7.036,0,0,0,0,0,0.767,-0.555,-0.56,62
"66",1385,3.5,1,1,0,0,0,1,0,1,1,0,0,1,0,0,0,1,1,0,0,0,0,0,0,0,0,1,0,0,0,1,0,0.693,-1.635,7.036,0,0,1,1,0,0.711,0.421,0.191,63
"67",1390,5,1,0,0,0,0,1,1,0,1,0,3,0,0,0,0,1,1,0,0,0,0,0,0,0,0,1,0,0,0,0,0,0.693,-3.465,6.579,1,0,1,1,1,-1.062,0.406,2.457,64
"68",1395,0.5,0.823,1,0,0,0,1,1,1,1,0,3,0,0,0,0,1,1,0,0,0,0,0,0,0,1,0,0,0,0,0,0,0.693,-1.456,0,0,0,1,1,0,0.754,0.349,1.082,65
"69",1400,4.5,0.994,1,0,1,0,1,0,1,0,0,0,0,0,0,0,1,0,0,0,0,0,0,0,0,0,0,0,0,0,0,0,0.693,-1.756,6.895,0,0,1,1,1,0.714,-0.543,0.76,66
"70",1410,2,1,1,1,0,0,0,0,1,1,0,0,0,0,0,0,1,0,0,0,1,0,0,0,0,0,0,0,0,0,0,0,0.693,-2.661,0,0,0,0,0,0,0.61,-0.52,-0.563,67
"71",1415,6.5,0.985,1,1,0,1,1,1,0,1,0,0,0,0,0,0,1,1,0,0.5,1,0,0,0,0,1,0,0,0,0,0.5,0,0.693,-1.661,8.691,0,0,1,1,1,0.821,-0.261,1.779,68
"72",1420,5.5,0.538,1,0,0,1,0,0,1,1,0,0,0,0,0,0,0,0,0,0,0,0,0,0,1,0,0,0,0,0,0,0,0.693,-2.301,0,0,0,0,0,0,0.706,-0.536,-0.464,69
"73",1430,7,0.836,1,1,0,0,0,0,1,1,0,0,0,0,0,0,1,0,0,0,1,0,0,0,0,0,0,0,0,0,0,0,0.693,-2.473,0,0,0,0,0,0,0.659,-0.548,-0.554,70
"74",1435,0.5,0.437,1,0,0,1,0,0,1,1,0,0,0,0,0,0,0,0,0,0,1,0,1,0,1,0,1,0,0,0,0,0,0.693,-1.862,0,0,0,0,0,0,0.765,-0.561,-0.452,71
"75",1440,4,0.796,1,0,0,0,1,0,1,1,0,0,1,0,0,0,0,1,0,0,0,0,0,0,1,0,0,1,0,0,0,0,0.693,-1.251,0,0,0,1,1,0,0.768,-0.049,0.259,72
"76",1445,7.333,0.715,1,1,0,0,0,0,0,1,0,0,0,0,0,0,1,0,0,0,1,0,0,0,0,0,0,0,0,0,0,0,1.099,-0.883,5.81,0,0,0,0,0,0.849,-0.448,-0.554,73
"77",1450,0.333,1,0,0,1,1,0,0,0,1,0,0,0,1,0,3,1,0,0,0,0.2,0,0,0,0,1,0,0,0,0,0,0,1.609,-5.592,4.545,0,0,0,0,0,-1.268,0.109,-0.546,74
"78",1455,7.5,0.393,1,1,0,0,0,0,0,1,0,0,0,0,0,0,1,0,0,0,1,0,0,0,0,0,0,0,0,0,0,0,0.693,-1.428,8.544,0,0,0,0,0,0.893,-0.479,-0.539,75
"79",1460,2,0.413,1,1,0,0,0,0,1,1,0,0,0,0,0,0,1,0,0,0,1,0,0,0,0,0,0,0,0,0,0,0,0.693,-1.905,6.864,0,0,0,0,0,0.775,-0.545,-0.57,76
"80",1465,3,0.285,1,1,0,0,0,0,1,1,0,0,0,0,0,0,1,0,0,0,1,0,0,0,0,0,0,0,0,0,0,0,0.693,-1.875,8.44,0,0,0,0,0,0.848,-0.521,-0.554,77
"81",1467,2.5,0.998,0,0,1,1,0,0,0,0,0,0,0,1,0,0,0,0,0,0,0,0,0,0,0,0,0,0,0,0,0,0,0.693,-7.012,7.193,0,0,0,0,0,-1.417,-0.372,-0.53,78
"82",1470,2.5,0.996,0,1,0,1,1,1,1,1,0,0,1,0,0,0,1,1,0,0,1,0,0,0,1,1,0,0,0,0,0,0,0.693,-5.312,0,0,0,1,1,1,-1.272,-0.053,1.858,79
"83",1475,5,0.996,0,0,0,1,1,0,1,1,0,0,0,0,0,0,1,1,0.5,1,0.75,0,0,0,0,1,0,0,0,0,0,0,0.693,-5.31,5.79,0,1,1,0,0,-1.254,-0.539,0.062,80
"84",1485,8,0.583,1,1,0,0,0,0,0,0,0,0,0,0,0,0,0,0,0,0,0,0,0,0,0,0,0,0,0,0,0,0,0.693,-1.665,5.361,0,0,0,0,0,0.771,-0.488,-0.563,81
"85",1490,7.5,1,0,1,0,1,1,1,1,1,0,0,1,1,0,0,1,1,1,1,1,0,0,0,0,1,0,0,0,0,1,0,0.693,-4.698,0,0,1,1,1,1,-1.198,0.525,2.091,82
"86",2005,4,0.776,1,0,0,0,1,1,1,1,0,0,0,0,0,0,1,1,0,0,0,0,0,0,0,1,0,0,0,0,0,0,0.693,-1.77,7.146,0,0,1,1,0,0.736,-0.571,1.071,83
"87",2010,1.5,0.502,0,1,0,1,1,0,1,1,0,0,0,0,0,0,1,1,0,0,1,0,0,0,0,0,1,0,0,0,0,0,0.693,-4.232,0,0,0,1,1,0,-1.081,-0.554,0.051,84
"88",2012,0.5,0.557,1,0,0,0,1,0,1,1,0,0,0,0,0,0,0,0.5,0,1,0,0,0,0,0.5,1,0,0,0,0,0,0,0.693,-2.65,6.236,0,1,1,0,0,0.674,-0.553,-0.142,85
"89",2013,2.5,0.578,1,0,0,0,1,0,1,1,0,0,0,0,0,0,0,0.5,0,1,0,0,0,0,0.5,1,0,0,0,0,0,0,0.693,-1.829,6.712,0,1,1,0,0,0.755,-0.549,-0.151,86
"90",2015,5.667,0.586,1,1,0,0,0,0,0,1,0,0,0,0,0,0,1,0,0,0,1,0,0,0,0,0,1,0,0,0,0,0,1.609,-0.435,6.731,0,0,0,0,0,0.922,-0.493,-0.572,87
"91",2020,1,0.356,1,0,0,1,1,0,1,1,0,0,0,0,0,2,0,0,0,0,0,0,0,0,0.5,0,0,0,0,0,0,0,0.693,-2.15,0,0,0,1,1,0,0.737,-0.228,-0.091,88
"92",2025,5,0.883,1,1,0,0,1,1,1,1,0,0,0,0,2,0,1,1,0,0,1,0,0,0,0,0,1,0,0,0,0,0,1.386,1.271,6.59,1,0,0,1,1,1.059,0.225,2.396,89
"93",2030,2,0.969,1,0,0,0,1,1,0,1,0,0,1,0,4,0,1,1,0,0,0,0,0,0,0,0,0,0,0,0,0,0,1.099,0.204,6.097,1,0,1,1,1,0.927,1.631,2.48,90
"94",2035,3,0.765,1,1,0,0,1,0,0,1,0,0,0,0,0,0,1,1,0,0,1,0,0,0,1,1,0,0,0,0,0,0,0.693,-1.146,8.44,0,1,1,0,0,0.854,-0.482,-0.063,91
"95",2040,4.556,0.88,1,0,0,0,1,1,1,1,0,3,1,0,3,0,1,1,0,0,0,0,0,0,0.8,0,0,0,0,0,0,0,1.609,1.175,6.626,1,0,1,1,1,1.06,2.068,2.542,92
"96",2045,3,0.482,1,1,0,0,1,1,1,1,0,0,0,0,3,0,1,1,0,0,1,0,0,0,0,0,1,0,0,0,0,0,0.693,-2.159,7.175,1,0,1,1,1,0.747,0.655,2.385,93
"97",2050,5.667,0.995,0,1,0,0,1,0,0,1,0,0,0,0,0,0,1,1,0,1,0,0,0,0,0,1,0,0,0,0,0,0,0.693,-3.362,6.131,0,1,1,0,0,-1.06,-0.49,-0.137,94
"98",2055,9,0.83,1,0,0,0,1,0,0,1,1,1,1,0,3,0,1,1,0,0,0,0,0,0,0,0,0,0,0,0,1,0,0.693,-2.04,0,0,0,1,1,0,0.685,2.636,0.195,95
"99",2060,8.5,0.666,1,1,0,0,1,0,1,1,0,0,1,1,3,0,1,1,0,1,0,0,0,0,0,0,0,0,0,0,1,0,0.693,-2.642,6.746,0,1,1,1,0,0.65,1.74,0.126,96
"100",2070,4.5,0.848,0,1,0,0,1,0,0,1,0,0,0,0,0,0,1,0.5,0,1,0.5,0,0,0,0,1,0,0,0,1,0,0,0.693,-3.538,0,0,1,1,0,0,-1.053,-0.513,-0.242,97
"101",2075,1,0.995,0,0,0,0,1,0,0,1,0,0,0,0,3,0,0,1,0,0,0,0,0,0,0,0,0,0,0,0,0,0,0.693,-4.803,7.611,0,0,1,1,0,-1.194,0.683,0.2,98
"102",2080,4,0.943,0,1,0,0,1,0,0,1,0,0,0,0,0,0,1,1,0,1,1,0,0,0,0,1,0,0,0,0,0,0,0.693,-3.893,0,0,1,1,0,0,-1.109,-0.473,-0.15,99
"103",2085,2,0.953,0,1,0,0,1,0,0,1,0,0,0,0,0,0,1,1,0,1,1,0,0,0,0,1,0,0,0,0,0,0,0.693,-4.295,0,0,1,1,0,0,-1.139,-0.483,-0.143,100
"104",2090,1,0.982,0,0,0,1,0,0,0,0,0,0,0,1,0,0,0,0,0,0,0,0,0,0,0,0,0,0,0,0,0,0,0.693,-5.216,0,0,0,0,0,0,-1.245,-0.353,-0.508,101
"105",2095,8,0.597,1,1,0,0,0,0,0,1,0,0,0,0,0,0,1,0,0,0,1,0,0,0,0,1,0,0,0,0,0,0,1.386,0.287,8.329,0,0,0,0,0,1.058,-0.507,-0.557,102
"106",2100,7.5,0.956,0,0,0,1,0,0,0,1,0,0,0,0,0,0,0,0,0,0,0,0,0,0,0,1,0,0,0,1,0,0,0.693,-3.966,0,0,0,0,0,0,-1.119,-0.477,-0.497,103
"107",2110,8.5,1,0,1,0,0,1,0,0,1,0,0,0,0,0,0,0,0,0,1,0,0,0,0,0,1,0,0,0,0,1,0,0.693,-4.833,0,0,1,1,0,0,-1.2,-0.054,-0.436,104
"108",2115,3,0.66,1,1,0,1,0,0,0,1,0,0,0,0,0,0,0,0,0,0,0,0,1,0,0,1,0,0,0,0,0,0,0.693,-2.504,0,0,0,0,0,0,0.655,-0.464,-0.637,105
"109",2120,8,0.353,1,1,0,0,0,0,0,0,0,0,0,0,0,0,1,0,0,0,0,0,0,0,0,0,0,0,0,0,0,0,0.693,-1.891,6.314,0,0,0,0,0,0.769,-0.521,-0.569,106
"110",2125,7,0.672,1,1,0,0,0,0,0,0,0,0,0,0,0,0,0,0,0,0,0,0,0,0,0,1,0,0,0,0,0,0,0.693,-2.346,6.354,0,0,0,0,0,0.671,-0.487,-0.583,107
"111",2130,8.5,0.808,1,0,1,0,1,0,0,1,0,0,0,0,0,0,1,1,0,1,0,0,0,0,0,0,1,0,0,0,0,0,1.609,0.121,5.815,0,1,1,0,0,0.947,-0.479,-0.076,108
"112",2135,8.5,0.258,1,0,0,0,1,0,0,1,0,0,0,0,0,0,1,1,0,1,0,0,0,0,0,0,1,0,0,0,0,0,0.693,-2.492,6.746,0,1,1,0,0,0.737,-0.483,-0.055,109
"113",2140,8,0.235,1,0,0,0,1,0,0,1,0,0,0,0,0,0,1,1,0,1,0,0,0,0,0,0,1,0,0,0,0,0,0.693,-2.602,6.314,0,1,1,0,0,0.724,-0.501,-0.058,110
"114",2145,0,0.915,1,0,1,1,0,0,0,1,0,0,0,0,0,0,0,0,0,0,0,0,0,0,0,1,0,0,0,0,0,0,0.693,-2.22,0,0,0,0,0,0,0.648,-0.533,-0.549,111
"115",2150,3,0.505,1,0,0,1,0,0,0,1,0,0,0,0,0,0,0,0,0,0,0,0,0,0,0,1,0,0,0,0,0,0,0.693,-1.638,6.389,0,0,0,0,0,0.784,-0.514,-0.549,112
"116",2155,0,0.989,0,0,1,1,0,0,0,1,0,0,0,0,0,0,0,0,0,0,0.5,0,0,0,0,1,0,0,0,0,0,0,0.693,-4.465,0,0,0,0,0,0,-1.18,-0.475,-0.538,113
"117",2160,5,0.31,1,1,1,0,0,0,0,0,0,0,0,0,0,2,0,0,0,0,0,0,0,0,0,1,0,0,0,0,0,0,0.693,-2.67,7.06,0,0,0,0,0,0.707,-0.176,-0.556,114
"118",2165,0,0.446,1,0,0,1,0,0,0,1,0,0,1,0,0,2,0,0,0,0,0,0,0,0,0,1,0,0,0,0,0,0,0.693,-2.989,6.743,0,0,0,0,0,0.65,0.316,-0.551,115
"119",2170,0.5,0.816,1,0,1,1,0,0,0,0,0,0,0,0,0,0,0,0,0,0,0,0,0,0,0,1,0,0,0,0,0,0,0.693,-2.132,0,0,0,0,0,0,0.665,-0.519,-0.546,116
"120",2175,1,0.438,1,1,0,0,0,0,0,0,0,0,0,0,0,0,0,0,0,0,0,0,0,0,0,1,0,0,0,0,0,0,0.693,-3.191,6.564,0,0,0,0,0,0.633,-0.485,-0.589,117
"121",2185,0,0.805,1,0,1,1,0,0,0,1,0,0,0,0,0,0,0,0,0,0,0,0,0,0,0,1,0,0,0,0,0,0,0.693,-2.152,4.673,0,0,0,0,0,0.666,-0.498,-0.52,118
"122",2195,0,0.894,1,0,1,1,0,0,0,1,0,0,0,0,0,0,0,0,0,0,0,0,0,0,0,1,0,0,0,0,0,0,0.693,-0.944,0,0,0,0,0,0,0.799,-0.484,-0.536,119
"123",2200,5.5,0.267,1,1,1,0,0,0,0,0,0,0,0,0,0,2,0,0,0,0,0,0,0,0,0,1,0,0,0,0,0,0,0.693,-1.621,6.804,0,0,0,0,0,0.828,-0.161,-0.553,120
"124",2205,0,0.392,1,0,0,0,1,0,0,1,0,0,0,0,0,0,0,0,0,1,0,0,0,0,0,1,0,0,0,0,0,0,0.693,-2.296,5.945,0,1,1,0,0,0.723,-0.517,-0.318,121
"125",2210,0.5,0.989,0,1,1,1,0,0,0,1,0,0,0,0,0,0,0,0,0,0,0.5,0,0,0,0,1,0,0,0,0,0,0,0.693,-3.864,0,0,0,0,0,0,-1.114,-0.501,-0.633,122
"126",2218,0.5,0.945,0,1,1,0,0,0,0,0,0,0,0,1,3,0,0,0,0,0,0,0,0,0,0,1,0,0,0,0,0,0,0.693,-3.886,7.611,0,0,0,0,0,-1.073,0.849,-0.561,123
"127",2220,0,0.355,1,0,0,1,0,0,0,1,0,0,0,0,0,2,0,0,0,0,0,0,0,0,0,1,0,0,0,0,0,0,0.693,-2.537,6.977,0,0,0,0,0,0.717,-0.18,-0.547,124
"128",2230,5,0.375,1,1,0,1,0,0,0,1,0,0,0,0,0,2,0,0,0,0,0,0,1,0,0,1,0,0,0,0,0,0,0.693,-2.618,6.485,0,0,0,0,0,0.708,-0.168,-0.626,125
"129",2235,0.5,0.925,0,0,0,1,0,0,0,1,0,0,0,0,0,2,0,0,0,0,0,0,0,0,0,1,0,0,0,0,0,0,0.693,-4.395,6.762,0,0,0,0,0,-1.147,-0.161,-0.548,126
"130",2245,0.5,0.923,0,0,0,1,0,0,0,1,0,0,0,0,0,2,0,0,0,0,0,0,0,0,0,1,0,0,0,0,0,0,0.693,-4.717,0,0,0,0,0,0,-1.199,-0.172,-0.531,127
"131",2250,5,0.85,0,1,1,0,0,0,0,0,0,0,0,0,0,0,0,0,0,0,0,0,0,0,0,1,0,0,0,0,0,0,0.693,-4.51,0,0,0,0,0,0,-1.147,-0.507,-0.577,128
"132",2260,5,0.183,1,0,0,1,0,0,0,1,0,0,0,0,0,2,0,0,0,0,0,0,0,0,0,1,0,0,0,0,0,0,0.693,-2.677,7.389,0,0,0,0,0,0.732,-0.179,-0.526,129
"133",2275,5,0.845,0,0,0,1,0,0,0,1,0,0,0,0,0,2,0,0,0,0,0,0,0,0,0,1,0,0,0,0,0,0,0.693,-4.457,0,0,0,0,0,0,-1.145,-0.181,-0.529,130
"134",2280,3.5,0.628,1,0,1,1,0,0,0,1,0,0,0,0,0,2,0,0,0,0,0,0,0,0,0,1,0,0,1,0,0,0,0.693,-1.158,0,0,0,0,0,0,0.799,-0.144,-0.598,131
"135",2295,1,0.663,1,0,1,1,0,0,0,1,0,0,0,0,0,2,0,0,0,0,0,0,0,0,0,1,0,0,1,0,0,0,0.693,-1.043,0,0,0,0,0,0,0.802,-0.174,-0.603,132
"136",2300,5,0.48,1,0,1,1,0,0,0,1,0,0,0,0,0,2,0,0,0,0,0,0,0,0,0,1,0,0,1,0,0,0,0.693,-0.815,7.036,0,0,0,0,0,0.868,-0.159,-0.591,133
"137",2302,2.667,0.922,0,1,0,0,0,0,0,0,0,0,0,0,0,3,0,0,0,0,0,0,0,0,0,0,0,0,0,0,0,0,1.099,-2.924,5.037,0,0,0,0,0,-0.986,-0.023,-0.58,134
"138",2305,0,0.507,1,0,1,1,0,0,0,1,0,0,0,0,0,0,0,0,0,0,0,0,0,0,0,1,0,0,1,0,0,0,0.693,-1.636,6.864,0,0,0,0,0,0.777,-0.504,-0.577,135
"139",2315,0.5,0.821,0,0,1,1,0,0,0,1,0,0,0,0,0,2,0,0,0,0,0,0,0,0,0,1,0,0,0,0,0,0,0.693,-4.122,6.146,0,0,0,0,0,-1.103,-0.195,-0.537,136
"140",2330,2.25,0.878,0,1,0,0,1,0,0,1,0,0,0,0,0,0,0,1,0,0,1,0,0,0,0,1,0,0,1,0,0,0,1.386,-2.488,5.618,0,0,1,1,0,-0.931,-0.486,0.066,137
"141",2335,0.333,0.536,1,1,0,0,0,0,0,0,0,0,0,0,0,0,0,0,0,0,0,0,0,0,0,0,0,0,0,0,0,0,1.099,-2.416,5.132,0,0,0,0,0,0.707,-0.493,-0.57,138
"142",2340,0,0.999,0,1,1,1,0,0,1,1,0,0,0,0,0,2,0,0,0,0,1,0,0,0,0,1,0,0,0,0,0,0,0.693,-6.552,0,0,0,0,0,0,-1.389,-0.233,-0.604,139
"143",2345,0,0.996,0,1,0,0,0,0,0,0,0,0,0,0,0,1,0,0,0,0,0,0,0,0,0,1,0,0,0,0,0,0,1.099,-5.001,4.707,0,0,0,0,0,-1.225,-0.325,-0.58,140
"144",2350,5,0.869,1,1,0,0,0,0,0,1,0,0,0,0,0,0,1,0,0,0,1,0,0,0,0,0,0,0,0,0,0,0,0.693,-2.273,0,0,0,0,0,0,0.655,-0.485,-0.554,141
"145",2355,6.667,0.898,1,1,0,0,0,0,0,1,0,0,0,0,0,0,1,0,0,0,1,0,0,0,0,0,0,0,0,0,0,0,1.099,-1.038,5.91,0,0,0,0,0,0.795,-0.466,-0.564,142
"146",2360,5,0.615,1,1,0,0,1,0,0,1,0,0,0,0,0,0,1,1,0,1,1,0,0,0,0,1,0,0,0,0,0,0,0.693,-0.465,7.036,0,1,1,0,0,0.917,-0.5,-0.11,143
"147",2365,3.5,0.768,1,1,0,1,1,0,0,1,0,0,0,0,0,0,0,1,0,1,1,0,0,0,1,1,0,0,0,0,0,0,0.693,-0.673,6.425,0,1,1,0,0,0.856,-0.52,-0.102,144
"148",2370,0,0.588,1,1,0,0,1,0,0,1,0,0,0,0,0,0,0,0,0,0,1,0,0,0,0,1,0,0,0,0,0,0,0.693,-1.216,0,0,0,1,1,0,0.79,-0.506,-0.143,145
"149",2375,0.375,0.85,0,1,0,0,0,0,0,1,0,0,0,0,0,0,0,0,0,0,1,0,0,0,0,1,0,0,1,0,1,0,1.099,-4.9,5.743,0,0,0,0,0,-1.181,-0.018,-0.61,146
"150",2380,0,0.45,1,1,0,0,0,0,1,0,0,0,0,0,0,2,0,0,0,0,0,0,0,0,0,0,0,0,0,0,0,0,0.693,-1.417,0,0,0,0,0,0,0.806,-0.252,-0.583,147
"151",2385,7.5,0.9,1,1,0,0,1,0,0,0,0,3,1,0,3,2,0,0,0,0,0,0,0,0,0,1,0,0,0,0,0,0,0.693,-2.512,7.689,0,0,1,1,0,0.667,2.433,-0.158,148
"152",2395,1.875,0.491,1,1,0,1,0,0,0,1,0,0,0,0,0,2,1,0,0,0,1,0,1,0,0,1,0,0,0,0,0,0,1.609,-0.542,8.41,0,0,0,0,0,0.979,-0.177,-0.611,149
"153",2405,0,0.75,1,1,1,1,0,0,0,1,0,0,0,0,0,0,0,0,0,0,0,0,1,0,0,1,0,0,0,0,0,0,0.693,-3.105,0,0,0,0,0,0,0.587,-0.518,-0.624,150
"154",2410,0.25,0.784,0,1,1,0,0,0,0,0,0,0,0,0,0,0,0,0,0,0,0,0,0,0,0,1,0,0,1,0,0,0,1.386,-2.976,6.354,0,0,0,0,0,-0.956,-0.485,-0.615,151
"155",2415,0,0.39,1,0,1,1,0,0,0,1,0,0,0,0,0,0,0,0,0,0,0,0,0,0,0,1,0,0,0,0,0,0,0.693,-1.328,0,0,0,0,0,0,0.834,-0.52,-0.552,152
"156",2420,3.25,0.879,1,0,0,0,1,0,0,1,0,0,0,0,0,0,1,1,0,0,0,0,0,0,1,0,0,1,0,0,0,0,2.197,0.888,6.68,0,0,1,1,0,1.036,-0.492,0.263,153
"158",2430,5,0.3,1,1,1,0,0,0,0,0,0,0,0,0,0,0,0,0,0,0,0,0,0,0,0,0,0,0,0,0,0,0,0.693,-1.61,0,0,0,0,0,0,0.814,-0.495,-0.577,154
"159",2435,0,0.696,0,0,1,1,0,0,0,1,0,0,0,0,0,0,0,0,0,0,0,0,0,0,0,1,0,0,0,0,0,0,0.693,-3.057,0,0,0,0,0,0,-0.987,-0.505,-0.567,155
"160",2440,10,0.674,1,0,0,0,1,0,0,0,0,0,0,0,0,0,0,0.5,0,0,0.5,0,0,0,0,0.5,0.5,0,0,0,0.5,0,0.693,-2.137,6.804,0,0,1,1,0,0.716,-0.29,0.064,156
"161",2445,0,0.966,1,1,0,0,1,1,0,0,0,0,0,0,0,2,0,0,0,0,0,0,0,0,0,1,0,0,0,0,1,0,0.693,-0.465,0,1,0,1,1,1,0.848,0.279,2.104,157
"162",2450,3.333,0.66,1,0,1,1,0,0,0,1,0,0,0,0,0,0,0,0,0,0,0,0,0,0,0,1,0,0,0,0,0,0,0.693,-1.041,0,0,0,0,0,0,0.809,-0.507,-0.536,158
"163",2455,0,0.659,1,0,1,1,0,0,0,1,0,0,0,0,0,0,0,0,0,0,0,0,0,0,0,1,0,0,0,0,0,0,0.693,-1.049,6.475,0,0,0,0,0,0.831,-0.477,-0.545,159
"164",2460,0,0.659,1,0,1,1,0,0,0,1,0,0,0,0,0,0,0,0,0,0,0,0,0,0,0,1,0,0,0,0,0,0,0.693,-1.046,6.265,0,0,0,0,0,0.823,-0.495,-0.539,160
"165",2465,5,0.8,1,1,0,0,1,1,0,1,0,0,0,0,0,0,0,1,0,0,1,0,0,0,0,0,0,0,0,0,0,0,0.693,-3.102,7.389,0,0,1,1,0,0.612,-0.481,0.994,161
"166",2470,0,0.366,1,0,1,1,0,0,0,1,0,0,0,0,0,0,0,0,0,0,0,0,0,0,0,1,0,0,0,0,0,0,0.693,-0.05,0,0,0,0,0,0,0.967,-0.513,-0.538,162
"167",2475,0,0.632,1,0,0,0,1,0,0,1,0,3,0,0,2,0,0,1,0,0,0,0,0,0,0,1,0,0,0,0,0,0,0.693,-1.285,0,0,0,1,1,0,0.789,1.196,0.2,163
"168",2480,0,0.632,1,0,0,0,1,0,0,1,0,3,0,0,2,0,0,1,0,0,0,0,0,0,0,1,0,0,0,0,0,0,0.693,-1.282,0,0,0,1,1,0,0.797,1.213,0.206,164
"169",2485,0,0.4,1,0,0,0,1,0,0,1,0,3,0,0,2,0,0,1,0,0,0,0,0,0,0,1,0,0,0,0,0,0,0.693,-1.283,0,0,0,1,1,0,0.838,1.203,0.185,165
"170",2490,5,0.867,1,1,0,1,1,1,0,1,0,0,0,0,0,0,0,1,0,0,1,0,0,0,0,1,0,0,0,0,0,0,1.099,-0.294,7.154,0,0,1,1,0,0.897,-0.485,0.943,166
"171",2505,5.5,0.648,1,0,1,1,0,0,0,1,0,0,0,0,0,0,0,0,0,0,0,0,0,0,0,1,0,0,1,0,0,0,0.693,-2.32,8.688,0,0,0,0,0,0.779,-0.474,-0.607,167
"172",2510,3.667,0.395,1,0,0,1,0,0,0,1,0,0,0,0,0,0,0,0,0,0,0,0,0,0,0,1,0,0,0,0,0,0,0.693,-2.086,7.961,0,0,0,0,0,0.781,-0.478,-0.543,168
"173",2515,1.174,0.968,1,0,0,0,1,0,0,1,0,0,0,0,0,2,0,1,0,0,0,0,0,0,0,1,0,0,0,0,0,0,1.792,0.948,7.735,0,0,1,1,0,1.051,-0.176,0.2,169
"174",2520,0,0.22,1,0,1,1,0,0,0,1,0,0,0,0,0,0,0,0,0,0,0,0,0,0,0,1,0,0,0,0,0,0,0.693,-2.05,6.234,0,0,0,0,0,0.785,-0.497,-0.534,170
"175",2525,2.5,0.356,1,0,0,1,0,0,0,0,0,0,0,0,0,0,0,0,0,0,0,0,0,0,0,1,0,0,0,0,0,0,0.693,-1.656,8.44,0,0,0,0,0,0.857,-0.483,-0.535,171
"176",2535,5,0.443,1,0,0,0,1,1,0,1,0,0,0,0,0,0,1,1,0,0,0,0,0,0,0,0.5,0,0,0,0,0,0,0.693,-1.498,7.06,1,0,1,1,1,0.826,-0.49,2.455,172
"177",2540,1.667,0.984,1,1,0,0,1,1,0,1,0,0,0,0,0,0,1,1,0,0,0,0,0,0,0,1,0,0,0,0,0,0,1.099,-0.548,8.267,1,0,1,1,1,0.887,-0.473,2.367,173
"178",2545,5,0.476,1,0,0,0,1,1,0,0,0,0,0,0,0,0,0,0,0,0,0,0,0,0,0,1,0,0,0,0,0,0,0.693,-2.657,7.961,1,0,1,1,1,0.702,-0.484,2.199,174
"179",2550,4.167,0.717,1,0,0,0,1,1,0,1,0,0,0,0,0,0,1,1,0,0,0,0,0,0,0,0,0,0,0,0,0,0,3.638,2.442,8.458,1,0,1,1,1,1.333,-0.459,2.475,175
"180",2555,4,0.836,1,1,0,0,1,0,0,1,0,3,0,0,0,0,1,0,0,0,1,0,0,0,0,0,1,0,0,0,0,0,1.099,-0.866,7.171,0,0,1,1,0,0.862,0.422,-0.164,176
"181",2560,5,0.873,1,0,0,1,1,0,0,1,0,3,0,1,3,0,0,0,0,0,0.5,0,0,0,0,0,0,0,0,0,1,0,0.693,-1.328,6.895,0,0,1,1,0,0.772,2.165,-0.119,177
"182",2563,5,0.502,1,0,0,0,1,1,0,1,0,0,0,0,0,0,1,1,0,0,0,0,0,0,0,1,0,0,0,0,0,0,0.693,-2.079,0,1,0,1,1,1,0.735,-0.471,2.443,178
"183",2565,10,1,0,1,0,0,0,0,0,0,0,0,0,0,3,3,0,0,0,0,0,0,0,0,0,0,0,0,0,0,1,0,0.693,-3.715,7.275,0,0,0,0,0,-1.068,1.663,-0.591,179
"184",2570,5,0.835,1,0,0,0,1,1,0,1,0,3,0,0,0,0,1,1,0,0,0,0,0,0,0,0,0,0,0,0,0,0,0.693,-1.741,6.895,1,0,1,1,1,0.727,0.383,2.457,180
"185",2571,5,-0.009,1,0,0,0,1,1,0,1,0,3,0,0,0,0,1,1,0,0,0,0,0,0,0,0,0,0,0,0,0,0,0.693,-0.303,8.18,1,0,1,1,1,1.031,0.365,2.436,181
"186",2575,0,0.567,1,1,0,0,1,1,0,1,0,0,0,1,0,0,1,1,0,0,1,0,0,0,0,1,0,0,0,0,0,0,0.693,-1.378,7.036,1,0,1,1,1,0.806,-0.377,2.38,182
"187",2580,5,0.662,1,0,0,0,1,1,0,1,0,3,0,0,3,0,1,1,0,0,0,0,0,0,0,0,0,0,0,1,1,0,0.693,-1.731,8.201,1,0,1,1,1,0.812,2.056,2.495,183
"188",3005,6.667,-0.071,1,0,0,0,0,1,0,1,0,0,0,0,0,0,1,1,0,0,0,0,0,0,0.333,0,0,0,0,0,0,0,1.099,0.166,8.04,1,0,0,1,1,1.091,-0.495,2.35,184
"189",3010,2.65,0.947,1,1,0,0,1,0,0,1,0,0,0,0,0,0,0,0,0,0,1,0,0,0,0,0,1,0,0,0,0,0,3.045,2.135,7.565,0,1,1,0,0,1.196,-0.498,-0.413,185
"190",3015,1.5,0.872,0,1,1,0,0,0,0,1,0,0,1,0,0,3,0,0,0,0,1,0,0,1,0,0,0,1,0,0,0,0,3.135,-3.638,6.594,0,0,0,0,0,-0.975,0.464,-0.677,186
"191",3020,0,0.495,1,0,0,0,1,1,0,1,0,0,0,0,0,0,1,1,0,0,0,0,0,0,0,1,0,0,0,0,0,0,0.693,-2.108,6.234,1,0,1,1,1,0.728,-0.489,2.458,187
"192",3025,0,0.508,1,0,0,0,1,1,0,1,0,0,0,0,0,0,1,1,0,0,0,0,0,0,0,1,0,0,0,0,0,0,0.693,-2.056,0,1,0,1,1,1,0.721,-0.484,2.448,188
"193",3030,0,0.673,1,0,0,0,1,1,0,1,0,3,0,1,1,0,1,1,0,0,0,0,0,0,1,1,0,0,0,0,0,0,0.693,-1.553,0,1,0,1,1,1,0.774,0.936,2.548,189
"194",3035,0,0.976,0,1,1,0,1,0,0,1,0,0,0,0,0,0,1,1,0,0,0,0,0,0,0,1,0,0,0,0,0,0,0.693,-3.788,6.246,0,0,1,1,1,-1.094,-0.507,0.937,190
"195",3040,5,0.73,1,1,0,0,1,0,0,0,0,3,1,1,4,0,0,0,0,0,0,0,0,0,0,1,0,0,0,0,0,0,0.693,-2.151,7.725,0,0,1,1,0,0.726,2.656,-0.17,191
"196",3045,5,0.964,0,0,0,0,1,1,0,1,0,0,0,0,0,0,1,1,0,0,0,0,0,0,0,1,0,0,0,0,0,0,0.693,-4.112,6.131,0,0,1,1,1,-1.126,-0.499,1.901,192
"197",3050,0,0.699,0,0,0,0,1,0,0,0,0,0,0,0,0,0,1,0,0,0,0,0,0,0,0,1,0,0,0,0,0,0,0.693,-5.094,0,0,0,1,1,0,-1.205,-0.511,-0.072,193
"198",3055,10,0.983,1,1,0,0,1,1,0,1,0,0,0,0,0,0,1,1,0,0,1,0,0,0,1,1,0,0,0,0,0,0,0.693,-1.077,5.361,0,0,1,1,1,0.791,-0.502,1.931,194
"199",3060,0,0.994,0,0,0,0,1,1,0,1,0,0,0,0,0,0,1,1,0,0,0,0,0,0,0,1,0,0,0,0,0,0,0.693,-2.077,0,0,0,1,1,1,-0.922,-0.461,1.911,195
"200",3065,0.5,0.974,0,1,0,0,0,0,0,1,0,0,0,0,0,2,0,0,0,0,0,0,0,0,1,1,0,0,0,0,1,0,0.693,-5.282,0,0,0,0,0,0,-1.262,0.28,-0.483,196
"201",3075,2.861,0.989,1,1,1,0,1,0,0,1,0,0,0,0,0,1,0,1,0,0,0,0,0,0,0,0,0,1,0,0,0,0,3.135,2.945,7.585,0,1,1,0,0,1.281,-0.299,-0.2,197
"202",3080,8.5,0.085,1,0,0,0,1,0,0,0,0,3,0,0,1,0,0,0,0,0,0,0,0,0,0,0,0,0,0,0,0,0,0.693,-1.911,8.598,0,1,1,0,0,0.881,0.816,-0.326,198
"203",3085,0,0.716,0,1,1,0,1,0,0,0,0,0,0,1,0,0,1,0,0,0,0,0,0,0,0,1,0,0,0,0,0,0,0.693,-3.501,0,0,0,1,1,0,-1.026,-0.353,-0.168,199
"204",3090,0,0.709,0,1,1,0,1,0,0,0,0,0,0,0,0,0,1,0,0,0,0,0,0,0,0,1,0,0,0,0,0,0,0.693,-3.401,0,0,0,1,1,0,-1.041,-0.471,-0.159,200
"205",3095,0,0.698,0,1,1,0,1,1,0,1,0,0,0,0,0,0,1,1,0,0,0,0,0,0,0,1,0,0,0,0,0,0,0.693,-3.294,0,0,0,1,1,1,-1.021,-0.484,1.811,201
"206",3100,0,0.7,0,1,1,0,1,0,0,0,0,0,0,0,0,0,1,0,0,0,0,0,0,0,0,1,0,0,0,0,0,0,0.693,-4.453,5.318,0,0,1,1,0,-1.129,-0.505,-0.162,202
"207",3105,0,0.97,0,1,1,0,1,0,0,0,0,0,0,1,0,0,1,0,0,0,0,0,0,0,0,1,0,0,0,0,0,0,0.693,-4.048,0,0,0,1,1,0,-1.135,-0.371,-0.169,203
"208",3110,0,0.958,0,1,1,0,1,0,0,0,0,0,0,0,0,0,1,0,0,0,0,0,0,0,0,1,0,0,0,0,0,0,0.693,-3.925,0,0,0,1,1,0,-1.123,-0.498,-0.165,204
"209",3115,0,0.531,1,0,1,0,1,1,0,1,0,0,0,0,0,0,1,1,0,0,0,0,0,0,0,1,0,0,0,0,0,0,0.693,-1.07,0,0,0,1,1,1,0.819,-0.513,1.907,205
"210",3120,0,0.548,1,0,1,0,1,1,0,1,0,0,0,0,0,0,1,1,0,0,0,0,0,0,0,1,0,0,0,0,0,0,0.693,-1.077,0,0,0,1,1,1,0.814,-0.509,1.894,206
"211",3125,5,0.236,1,1,0,0,1,0,0,0,0,3,1,1,4,3,0,0,0,0,0,0,0,0,0,1,0,0,0,0,1,0,0.693,-1.919,7.725,0,1,1,0,0,0.83,3.619,-0.432,207
"212",3130,10,0.795,1,1,0,0,1,0,0,1,0,0,0,0,0,2,1,1,0,0,0,0,0,1,0,1,0,0,0,0,0.688,0,1.609,0.027,4.948,0,0,1,1,0,0.941,0.205,0.032,208
"213",3135,0,0.561,1,0,1,0,1,1,0,1,0,0,0,0,0,0,1,1,0,0,0,0,0,0,0,1,0,0,0,0,0,0,0.693,-1.084,6.111,0,0,1,1,1,0.806,-0.481,1.898,209
"214",3140,5,0.442,1,1,0,0,1,0,0,1,0,0,0,0,0,0,1,1,0,0,1,0,0,0,0,1,0,0,0,0,0,0,0.693,-1.092,0,0,1,1,0,0,0.84,-0.481,-0.155,210
"215",3145,0,0.996,0,0,1,0,1,1,0,1,0,0,0,0,0,0,1,1,0,0,0,0,0,0,0,1,0,0,0,0,0,0,0.693,-3.458,6.498,0,0,1,1,1,-1.06,-0.497,1.919,211
"216",3150,2.711,0.984,1,1,1,0,1,0,0,1,0,0,1,0,0,3,0,1,0,0,1,0,0,0,0,0,0,1,0,0,0,0,3.555,2.569,7.565,0,0,1,1,0,1.265,0.502,0.107,212
"217",3155,0,0.995,0,0,1,0,1,0,0,1,0,0,0,0,0,0,1,1,0,0,0,0,0,0,0,1,0,0,0,0,0,0,0.693,-2.663,6.509,0,0,1,1,0,-0.975,-0.491,0.201,213
"218",3160,0,0.982,0,0,1,0,1,1,0,1,0,0,0,0,0,0,1,1,0,0,0,0,0,0,0,1,0,0,0,0,0,0,0.693,-2.63,5.829,0,0,1,1,1,-0.98,-0.505,1.888,214
"219",3165,0,0.987,0,0,1,0,1,1,0,1,0,0,0,0,0,0,1,1,0,0,0,0,0,0,0,1,0,0,0,0,0,0,0.693,-4.209,5.974,0,0,1,1,1,-1.154,-0.516,1.885,215
"220",3170,0,0.966,0,0,1,0,1,1,0,1,0,0,0,0,0,0,1,1,0,0,0,0,0,0,0,1,0,0,0,0,0,0,0.693,-3.314,6.509,0,0,1,1,1,-1.062,-0.482,1.913,216
"221",3175,0,1,0,0,1,0,1,1,0,1,0,0,0,0,0,0,1,1,0,0,0,0,0,0,0,1,0,0,0,0,0,0,0.693,-3.236,6.38,0,0,1,1,1,-1.026,-0.479,1.9,217
"222",3180,9.167,0.879,1,1,1,0,1,0,0,1,0,0,0,0,0,2,0,1,0,0,0,0,0,0,0,1,0,0,0,0,0,0,3.258,1.571,7.402,0,0,1,1,0,1.169,-0.18,0.114,218
"223",3185,0,1,0,0,1,0,1,1,0,1,0,0,0,0,0,0,1,1,0,0,0,0,0,0,0,1,0,0,0,0,0,0,0.693,-4.073,0,0,0,1,1,1,-1.136,-0.507,1.894,219
"224",3200,0,0.718,1,0,1,0,1,0,0,1,0,0,0,1,0,0,1,1,0,0,0,0,0,0,0,1,0,0,0,0,0,0,0.693,-1.207,0,0,0,1,1,1,0.779,-0.311,1.018,220
"225",3205,3,0.951,0,1,1,0,1,0,0,0,0,0,0,0,3,3,0,0,0,0,0,0,0,0,0,1,0,0,0,0,1,0,3.091,-3.337,6.638,0,0,1,1,0,-0.971,1.656,-0.17,221
"226",3210,8,0.546,1,1,1,0,1,0,0,1,0,0,0,0,0,0,0,1,0,0,1,0,0,0,0,0,0,1,0,0,0,0,0.693,-0.05,8.849,0,1,1,0,0,1.057,-0.471,-0.183,222
"227",3215,10,0.703,1,1,1,0,1,0,0,1,0,0,0,0,0,2,0,1,0,0,1,0,0,0,0,0,0,1,0,0,0,0,1.099,0.657,8.567,0,1,1,0,0,1.082,-0.148,-0.181,223
"228",3220,10,0.582,1,1,0,0,1,0,0,1,0,3,1,0,0,2,0,0,0,0,1,0,0,0,0,0,1,0,0,0,0,0,0.693,-0.382,8.544,0,0,1,1,0,0.977,1.229,-0.136,224
"229",3230,4.667,0.377,0,1,1,0,0,0,0,0,0,0,0,0,0,1,0,0,0,0,0,0,0,0,0,1,0,0,0,0,1,0,1.099,-3.423,5.481,0,0,0,0,0,-0.966,0.108,-0.579,225
"230",3235,5,-0.164,1,1,0,0,1,0,0,0,0,3,0,1,3,0,0,0,0,0,0,0,0,0,0,1,0,0,0,0,1,0,0.693,-2.879,7.281,0,0,1,1,1,0.756,2.186,0.67,226
"231",3240,5.5,0.105,1,1,1,0,1,0,0,1,0,3,0,0,0,0,0,1,0,0,1,0,0,0,0,0,0,1,0,0,0,0,0.693,-1.143,8.632,0,1,1,0,0,0.982,0.403,-0.171,227
"232",3245,10,-0.269,1,0,0,0,1,0,0,0,0,3,0,0,3,3,0,0,0,0,0,0,0,0,0,0,0,0,0,0,1,0,0.693,-3.437,8.656,0,0,1,1,1,0.783,2.548,0.746,228
"233",3255,5,0.34,0,1,0,0,0,0,0,0,0,0,0,0,0,0,0,0,0,0,0,0,0,0,0,1,0,0,0,0,0,0,0.693,-4.082,7.72,0,0,0,0,0,-1.027,-0.492,-0.57,229
"234",3260,7.625,0.496,1,1,1,0,1,0,0,1,0,0,0,0,0,2,0,1,0,0,1,0,0,0,0,0,0,1,0,0,0,0,2.079,1.016,8.678,0,1,1,0,0,1.19,-0.171,-0.182,230
"235",3265,5,-0.267,1,1,0,0,0,0,0,1,0,0,0,0,0,0,1,0,0,0,1,0,0,0,0,1,0,0,0,0,0,0,0.693,-2.786,7.689,0,0,0,0,0,0.812,-0.497,-0.561,231
"236",3270,5,0.509,1,0,1,0,1,0,0,1,0,3,0,0,0,0,0,1,0,0,0,0,0,0,0,0,0,1,0,0,0,0,0.693,-1.247,8.778,0,1,1,0,0,0.907,0.422,-0.101,232
"237",3275,4.6,0.418,1,1,1,0,0,0,0,0,0,0,0,0,0,2,0,0,0,0,0,0,0,0,0,1,0,0,0,0,0,0,1.609,-0.137,7.294,0,0,0,0,0,0.989,-0.179,-0.569,233
"238",3280,5.5,0.03,1,0,0,0,1,0,0,0,0,3,0,0,3,0,0,0,0,0,0,0,0,0,0,0,1,0,0,0,1,0,0.693,-1.884,7.841,0,1,1,0,0,0.865,2.077,-0.34,234
"239",3285,0,0.983,1,1,1,0,1,0,0,1,1,0,0,0,0,2,1,1,0,0,0,0,0,0,0,1,0,0,0,0,1,0,2.079,1.535,5.914,0,1,1,0,0,1.086,0.923,-0.165,235
"240",3290,8.5,-0.032,1,0,0,0,1,0,0,1,0,3,0,0,3,2,0,1,0,0,0,0,0,0,0,0,0,0,0,0,1,0,0.693,-1.824,8.702,0,1,1,0,0,0.923,2.39,-0.076,236
"241",3295,5,0.075,1,1,0,0,0,0,0,1,0,0,0,1,0,0,1,0,0,0,1,0,0,0,0,1,0,0,0,0,0,0,0.693,-2.338,7.124,0,0,0,0,0,0.777,-0.345,-0.58,237
"242",3300,2.929,0.972,0,1,0,0,1,0,0,0,1,2,1,0,3,3,0,0,0,0,0,0,0,0,0,1,0,0,0,0,1,0,1.099,-3.396,5.529,0,0,1,1,0,-1.044,3.392,-0.166,238
"243",3305,0,1,0,1,0,0,1,0,0,0,1,0,1,0,3,3,0,0,0,0,0,0,0,0,0,1,0,0,0,0,1,0,0.693,-3.898,6.931,0,0,1,1,0,-1.096,2.799,-0.152,239
"244",3310,0.333,1,0,1,0,0,1,0,0,0,1,0,1,0,3,3,0,0,0,0,0,0,0,0,0,1,0,0,0,0,1,0,1.099,-3.549,6.657,0,0,1,1,0,-1.059,2.815,-0.172,240
"245",3315,5.5,0.105,1,1,0,0,0,0,0,0,0,0,0,0,0,0,0,0,0,0,0,0,0,0,0,0,0,0,0,0,0,0,0.693,-2.681,7.03,0,0,0,0,0,0.732,-0.52,-0.575,241
"246",3322,10,0.396,1,0,0,1,0,1,0,1,0,0,0,0,0,0,1,1,0.667,0,0.333,0,0,0,0,0,0,0,0,0,0,0,1.099,-1.796,7.32,1,0,0,1,1,0.81,-0.479,2.459,242
"247",3325,0,0.889,0,1,1,0,1,0,0,0,0,0,0,0,0,0,0,0,0,0,0,0,0,0,0,0,0,0,0,0,0,0,0.693,-7.264,0,0,0,1,1,0,-1.464,-0.481,-0.164,243
"248",3330,10,0.204,1,1,0,0,1,0,0,1,0,3,0,0,4,0,0,0.5,0,0,1,0,0,0,0,0,0,0,0,0,0,0,0.693,-3.02,8.789,0,0,1,1,1,0.765,2.012,0.834,244
"249",3340,0,0.798,0,1,0,0,1,1,0,0,1,0,1,1,0,3,0,0,0,0,0,0,0,0,0,0,0,0,0,0,0,1,0.693,-6.029,0,1,0,1,1,1,-1.317,1.721,2.109,245
"250",3345,0.5,1,0,1,0,0,1,1,0,0,1,2,0,1,0,3,0,0,0,0,0,0,0,0,0,0,0,0,0,0,0,1,0.693,-5.151,7.177,1,0,1,1,1,-1.226,1.787,2.099,246
"251",3350,0,0.798,0,0,0,0,1,0,0,0,0,0,0,0,0,0,0,0,0,0,0,0,0,0,0,0,0,0,0,0,0,0,0.693,-4.948,0,0,0,1,1,0,-1.19,-0.488,-0.075,247
"252",3355,5,0.192,1,1,0,0,1,0,0,1,0,0,0,1,1,0,0,0,0,0,1,0,0,0,0,0,0,1,0,0,0,0,0.693,-0.377,8.864,0,1,1,0,0,1.061,0.027,-0.456,248
"253",3360,9,0.77,1,1,0,0,1,0,0,1,0,0,0,1,1,0,0,0,0,0,1,0,0,0,0,0,0,1,0,0,0,0,0.693,-0.113,8.599,0,1,1,0,0,0.978,0.056,-0.459,249
"254",3365,5,0.17,1,1,0,0,1,0,0,1,0,0,0,1,1,0,0,0,0,0,1,0,0,0,0,0,0,1,0,0,0,0,0.693,-0.118,8.753,0,1,1,0,0,1.079,0.019,-0.447,250
"255",3370,5,-0.009,1,1,0,0,0,0,0,1,0,0,0,1,1,0,0,0,0,0,1,0,0,0,0,0,0,1,0,0,0,0,0.693,-0.145,8.45,0,0,0,0,0,1.069,0.047,-0.586,251
"256",3375,10,0.498,1,1,1,0,1,0,0,1,0,3,0,0,0,2,0,0,0,0,1,0,0,1,0,0,1,0,0,1,0,0,0.693,-0.288,8.544,0,1,1,0,0,0.994,0.698,-0.473,252
"257",3385,3,0.197,1,1,0,0,1,0,0,1,0,3,0,1,4,2,0,0.5,0,0,0,0,0,0,0,0,0,0,0,0,1,0,0.693,-3.406,7.854,0,1,1,0,0,0.664,2.919,-0.296,253
"258",3390,4,0.208,1,0,0,0,1,0,0,1,0,3,1,0,4,2,0,0.5,0,0,0,0,0,0,0,0,0,0,0,0,0,0,0.693,-2.366,8.603,0,1,1,0,0,0.823,2.847,-0.222,254
"259",3395,2.75,0.635,1,1,0,0,1,0,0,1,1,3,0,0,1,3,0,0.75,0,0,1,0,0,0,0,0,0,0,0,0,1,0,1.386,-1.269,7.492,0,1,1,0,0,0.847,2.347,-0.219,255
"260",3400,7.875,0.483,0,1,0,0,1,0,0,0,1,3,1,0,3,3,0,0,0,0,0,0,0,0,0,0,0,0,0,0,1,0,1.099,-2.839,5.707,0,0,1,1,0,-0.902,3.703,-0.158,256
"261",3405,8.455,0.601,1,1,0,0,1,0,0,1,0,3,0,0,0,0,0,0,0,0,1,0,0,0,0,0,0,0,0,0,0,0,1.386,-0.803,6.933,0,0,1,1,1,0.893,0.391,0.712,257
"262",3410,3,0.27,1,0,0,0,1,0,0,1,1,3,1,0,4,3,0,0.5,0,0,0,0,0,0,0,0,0,0,0,0,1,0,0.693,-2.378,8.126,0,1,1,0,0,0.777,4.097,-0.216,258
"263",3423,9,0.196,1,1,0,0,1,0,0,0,0,0,0,0,3,0,0,0,0,0,0,0,0,0,0,0,0,0,0,0,0,0,0.693,-2.022,7.992,0,0,1,1,0,0.822,0.717,-0.157,259
"264",3430,0,1,0,1,0,0,1,0,0,0,0,0,0,0,0,3,0,0,0,0,0,0,0,0,0,0,0,0,0,0,0,0,1.099,-5.268,6.334,0,0,1,1,0,-1.241,-0.005,-0.141,260
"265",3435,3.5,0.214,1,1,0,0,0,0,0,0,0,3,0,0,1,3,0,0,0,0,0,0,0,0,0,0,0,0,0,0,1,0,0.693,-2.815,7.767,0,0,0,0,0,0.743,1.718,-0.585,261
"266",3440,0,0.684,1,0,1,0,1,0,0,0,0,0,0,0,0,0,0,0,0,0,0,0,0,0,0,1,0,0,0,0,0,0,0.693,-1.02,0,0,0,1,1,0,0.818,-0.482,-0.073,262
"267",3445,0,0.642,1,0,1,0,1,0,0,0,0,0,0,1,0,0,0,0,0,0,0,0,0,0,0,0,0,0,0,0,0,0,0.693,-1.518,0,0,0,1,1,0,0.764,-0.338,-0.084,263
"268",3455,1.174,0.971,0,1,1,0,1,0,0,0,0,0,0,0,0,3,0,0,0,0,0,0,0,0,0,1,0,0,0,0,0,0,2.639,-2.881,7.309,0,0,1,1,0,-0.93,0.01,-0.162,264
"269",3460,3.538,0.38,1,1,0,0,0,0,0,1,0,0,0,0,0,0,0,0,0,0,1,0,0,0,0,0,0,0,0,0,0,0,2.565,2.052,8.212,0,0,0,0,0,1.289,-0.497,-0.546,265
"272",3470,8,0.982,1,1,0,0,0,0,0,0,0,0,0,0,3,2,0,0,0,0,0,0,0,0,0,0,0,0,0,0,1,0,0.693,-1.588,0,0,0,0,0,0,0.714,1.455,-0.576,266
"273",3475,3,0.229,1,1,0,0,0,0,0,0,0,3,0,0,1,0,0,0,0,0,0,0,0,0,0,0,0,0,0,0,1,0,0.693,-2.452,7.992,0,0,0,0,0,0.753,1.267,-0.584,267
"274",3480,5,-0.002,1,0,0,0,1,0,0,0,0,3,0,0,4,2,0,0,0,0,0,0,0,0,0,1,0,0,0,0,1,0,0.693,-0.444,8.24,0,1,1,0,0,1.034,2.799,-0.344,268
"276",3490,0.867,1,0,1,0,0,1,0,0,1,0,0,1,0,0,2,0,0,0,0,1,0,0,0,0,0,0,1,0,0,1,0,1.386,-4.711,4.583,0,0,1,1,0,-1.177,0.801,-0.174,269
"277",3500,0,0.975,1,0,0,0,1,0,0,1,0,0,0,0,0,0,0,0.5,0,0,0,0,0,0,0,1,0,0,0,0,0,0,0.693,-1.048,6.389,0,0,1,1,0,0.768,-0.483,0.077,270
"278",3505,10,0.229,1,1,0,0,1,0,0,0,0,3,1,0,3,0,0,0,0,0,0,0,0,0,0,1,0,0,0,0,0,0,0.693,-2.603,7.169,0,0,1,1,1,0.753,2.123,0.673,271
"279",3520,0,0.985,1,0,0,0,1,0,0,1,0,0,0,0,0,0,1,1,0,0,0,0,0,0,0,1,0,0,0,0,0,0,0.693,-1.724,0,0,0,1,1,0,0.702,-0.479,0.175,272
"280",3525,6,0.922,0,0,0,0,1,0,0,0,0,3,0,0,0,2,0,0,0,0,0,0,0,0,0,0,0,0,0,0,1,0,0.693,-6.091,0,0,0,1,1,1,-1.332,1.19,0.774,273
"281",3535,0,0.892,1,0,0,0,1,0,0,0,0,0,0,0,0,0,0,0,0,0,0,0,0,0,0,1,0,0,0,0,0,0,0.693,-0.167,0,0,0,1,1,1,0.883,-0.492,0.774,274
"283",3540,0,1,0,0,0,0,1,0,0,1,0,0,0,0,0,0,1,1,0,0,0,0,0,0,0,1,0,0,0,0,0,0,0.693,-2.385,0,0,0,1,1,0,-0.957,-0.526,0.19,275
"284",3545,0,1,0,0,0,0,1,0,0,1,0,0,0,0,0,0,1,1,0,0,0,0,0,0,0,1,0,0,0,0,0,0,0.693,-2.416,0,0,0,1,1,0,-0.955,-0.44,0.205,276
"285",3550,0,1,0,0,0,0,1,0,0,0,0,0,0,0,0,0,1,0,0,0,0,0,0,0,0,1,0,0,0,0,0,0,0.693,-2.607,0,0,0,1,1,0,-0.979,-0.515,-0.069,277
"286",3555,0,1,0,0,0,0,1,0,0,0,0,0,0,0,0,0,1,0,0,0,0,0,0,0,0,1,0,0,0,0,0,0,0.693,-2.701,6.509,0,0,1,1,0,-0.957,-0.514,-0.086,278
"287",3560,0,0.984,1,1,0,0,1,0,0,0,0,0,0,0,0,0,0,0,0,0,0,0,0,0,0,1,0,0,0,0,0,0,0.693,-0.368,6.111,0,0,1,1,0,0.859,-0.481,-0.147,279
"288",3565,0,0.999,0,0,0,0,1,0,0,0,0,0,0,0,0,0,1,0,0,0,0,0,0,0,0,1,0,0,0,0,0,0,0.693,-2.946,6.064,0,0,1,1,0,-1.017,-0.471,-0.066,280
"289",3570,0,1,0,1,0,0,1,0,0,0,0,0,1,0,0,3,0,0,0,0,0,0,0,0,0,1,0,0,0,0,1,0,1.099,-2.553,5.918,0,0,1,1,0,-0.967,0.988,-0.158,281
"290",3575,0,1,0,1,0,0,1,0,0,0,0,0,0,0,0,0,1,0,0,0,0,0,0,0,0,1,0,0,0,0,0,0,0.693,-3.021,6.712,0,0,1,1,0,-1.026,-0.453,-0.168,282
"291",3580,0,0.984,1,1,0,0,1,0,0,0,0,0,0,0,0,0,0,0,0,0,0,0,0,0,0,1,0,0,0,0,0,0,0.693,-0.362,0,0,0,1,1,0,0.84,-0.526,-0.158,283
"292",3585,9.5,0.334,1,1,0,0,0,0,0,0,0,3,0,0,3,0,0,0,0,0,0,0,0,0,0,1,0,0,0,0,0,0,0.693,-2.394,8.708,0,0,0,0,0,0.81,1.607,-0.582,284
"293",3590,0,0.963,0,1,0,0,1,0,0,0,0,0,0,1,0,3,0,0,0,0,0,0,0,0,0,0,0,1,0,0,0,0,1.099,-5.402,5.941,0,0,1,1,1,-1.243,0.123,0.631,285
"294",3595,0,1,0,0,0,0,1,0,0,0,0,0,0,0,0,0,1,0,0,0,0,0,0,0,0,1,0,0,0,0,0,0,0.693,-3.261,6.498,0,0,1,1,0,-1.048,-0.475,-0.057,286
"295",3600,0,1,0,0,0,0,1,0,0,0,0,0,0,0,0,0,1,0,0,0,0,0,0,0,0,1,0,0,0,0,0,0,0.693,-2.934,5.829,0,0,1,1,0,-1.014,-0.477,-0.055,287
"296",3605,0,1,0,0,0,0,1,0,0,0,0,0,0,0,0,0,1,0,0,0,0,0,0,0,0,1,0,0,0,0,0,0,0.693,-3.189,0,0,0,1,1,0,-1.051,-0.485,-0.069,288
"297",3610,0,1,0,0,0,0,1,0,0,0,0,0,0,0,0,0,0,0,0,0,0,0,0,0,0,1,0,0,0,0,0,0,0.693,-3.01,6.509,0,0,1,1,0,-1.01,-0.453,-0.073,289
"298",3620,0,1,0,1,0,0,1,0,0,0,0,0,0,0,0,0,0,0,0,0,0,0,0,0,0,1,0,0,0,0,0,0,0.693,-4.183,5.974,0,0,1,1,0,-1.145,-0.478,-0.169,290
"299",3625,0,0.983,1,1,0,0,1,0,0,0,0,0,0,0,0,0,0,0,0,0,0,0,0,0,0,1,0,0,0,0,0,0,0.693,-1.702,0,0,0,1,1,0,0.697,-0.463,-0.155,291
"300",3630,0,0.983,1,1,0,0,1,0,0,0,0,0,0,0,0,0,0,0,0,0,0,0,0,0,0,1,0,0,0,0,0,0,0.693,-1.714,0,0,0,1,1,0,0.699,-0.49,-0.151,292
"301",3635,5,0.42,1,1,0,0,0,0,0,1,0,3,0,1,4,2,0,0,0,0,0,0,0,0,1,1,0,0,0,0,1,0,0.693,-1.66,8.24,0,0,0,0,0,0.841,2.913,-0.496,293
"302",3642,4,-0.139,1,1,0,0,0,0,0,0,0,0,0,0,0,1,0,0,0,0,0,0,0,0,0,0,0,0,0,0,0,0,0.693,-1.625,7.036,0,0,0,0,0,0.881,-0.34,-0.57,294
"303",3645,0,1,0,0,0,0,1,0,0,0,0,0,0,0,0,0,0,0,0,0,0,0,0,0,0,1,0,0,0,0,0,0,0.693,-3.883,6.38,0,0,1,1,0,-1.109,-0.485,-0.054,295
"304",3650,0,1,0,0,0,0,1,0,0,0,0,0,0,0,0,0,0,0,0,0,0,0,0,0,0,1,0,0,0,0,0,0,0.693,-4.563,0,0,0,1,1,0,-1.181,-0.491,-0.081,296
"306",3665,5,-0.17,1,1,0,0,0,0,0,0,0,0,0,0,0,1,0,0,0,0,0,0,0,0,0,0,0,0,0,0,0,0,0.693,-0.594,8.309,0,0,0,0,0,1.039,-0.335,-0.579,297
"307",3670,0,0.537,1,1,1,0,0,0,0,0,0,0,0,1,3,0,0,0,0,0,0,0,0,0,0,1,0,0,0,0,0,0,0.693,-0.617,7.037,0,0,0,0,0,0.904,0.844,-0.578,298
"308",3675,4.5,0.725,1,1,1,1,0,0,0,1,0,0,0,1,0,0,0,0,0,0,1,0,0,0,0,1,0,0,0,0,0,0,0.693,-0.391,7.703,0,0,0,0,0,0.909,-0.344,-0.607,299
"309",3680,0,1,0,0,0,0,1,0,0,0,0,0,0,0,0,0,0,0,0,0,0,0,0,0,0,1,0,0,0,0,0,0,0.693,-3.711,0,0,0,1,1,0,-1.11,-0.469,-0.082,300
"310",3685,8.5,0.736,0,1,1,1,0,0,0,1,0,0,0,1,0,0,0,0,0,0,1,0,0,0,0,1,0,0,0,0,0,0,0.693,-2.139,0,0,0,0,0,0,-0.878,-0.349,-0.612,301
"311",3690,0,0.538,1,1,1,0,0,0,0,0,0,0,0,1,0,0,0,0,0,0,0,0,0,0,0,1,0,0,0,0,0,0,0.693,-1.059,6.977,0,0,0,0,0,0.849,-0.365,-0.562,302
"312",3695,0,1,0,0,0,0,1,0,0,0,0,0,0,0,0,0,0,0,0,0,0,0,0,0,0,1,0,0,0,0,0,0,0.693,-3.374,6.693,0,0,1,1,0,-1.073,-0.498,-0.08,303
"315",3730,4.2,0.4,1,0,0,0,1,0,0,0,0,3,0,0,3,3,0,0,0,0,0,0,0,0,0,0,0,1,0,0,1,0,0.693,-2.123,7.871,0,1,1,0,0,0.79,2.534,-0.376,304
"316",3735,0,0.402,1,1,1,0,0,0,0,0,0,0,0,0,3,0,0,0,0,0,0,0,0,0,0,1,0,0,0,0,0,0,0.693,-0.356,8.07,0,0,0,0,0,0.976,0.709,-0.563,305
"317",3745,0,0.9,1,1,0,0,1,0,0,0,0,0,0,0,0,0,0,0,0,0,0,0,0,0,0,1,0,0,0,0,0,0,0.693,-0.304,6.389,0,0,1,1,0,0.876,-0.492,-0.16,306
"319",3750,9.75,0.424,1,1,0,0,1,0,0,1,0,3,1,1,4,3,0,1,0,0,0,0,0,0,1,1,0,0,0,0,1,0,0.693,-0.789,8.24,0,0,1,1,0,0.943,3.553,0.182,307
"320",3758,0,0.959,0,1,0,0,1,0,0,0,0,0,0,0,0,2,0,0,0,0,0,0,0,0,0,1,0,0,0,0,1,0,0.693,-3.53,0,0,0,1,1,0,-1.082,0.292,-0.147,308
"321",3760,5,-0.122,1,1,0,0,0,0,0,0,0,0,0,0,0,1,0,0,0,0,0,0,0,0,0,0,0,0,0,0,0,0,0.693,-0.636,6.413,0,0,0,0,0,0.986,-0.303,-0.569,309
"322",3765,0,0.563,1,1,1,0,0,0,0,0,0,0,0,1,0,0,0,0,0,0,0,0,0,0,0,1,0,0,0,0,0,0,0.693,-0.639,8.288,0,0,0,0,0,0.936,-0.357,-0.573,310
"323",3770,0,1,0,1,0,0,1,0,0,0,0,0,0,0,0,0,0,0,0,0,0,0,0,0,0,1,0,0,0,0,0,0,0.693,-3.625,6.064,0,0,1,1,0,-1.09,-0.491,-0.16,311
"324",3775,0,0.564,1,1,1,0,0,0,0,0,0,0,0,1,0,0,0,0,0,0,0,0,0,0,0,1,0,0,0,0,0,0,0.693,-1.052,8.52,0,0,0,0,0,0.881,-0.35,-0.587,312
"325",3780,0,1,0,1,0,0,1,0,0,0,0,0,0,0,0,0,0,0,0,0,0,0,0,0,0,1,0,0,0,0,0,0,0.693,-2.993,0,0,0,1,1,0,-1.019,-0.471,-0.17,313
"326",3785,0.615,0.991,0,1,1,0,1,0,0,0,0,0,0,0,0,3,0,0,0,0,0,0,0,0,0,0,0,1,0,0,1,0,1.946,-3.442,6.347,0,1,1,0,0,-1.018,0.431,-0.466,314
"327",3790,4,0.394,1,0,0,0,1,0,0,0,0,3,0,0,3,0,0,0,0,0,0,0,0,0,0,0,0,1,0,0,0,0,0.693,-3.066,8.154,0,0,1,1,0,0.689,1.613,-0.097,315
"328",3795,5,0.519,1,0,0,0,1,0,0,1,0,3,0,0,0,3,0,0.5,0,0,0,0,0,0,0,1,0,0,0,0,1,0,0.693,-1.277,7.639,0,1,1,0,0,0.846,1.329,-0.216,316
"329",3800,0,1,0,1,0,0,1,0,0,0,0,0,0,0,0,0,0,0,0,0,0,0,0,0,0,1,0,0,0,0,0,0,0.693,-3.631,6.712,0,0,1,1,0,-1.08,-0.483,-0.16,317
"330",3805,0,1,0,1,0,0,1,0,0,0,0,0,0,0,0,0,0,0,0,0,0,0,0,0,0,1,0,0,0,0,0,0,0.693,-3.297,0,0,0,1,1,0,-1.054,-0.48,-0.154,318
"331",3807,0,1,0,0,0,0,1,0,0,0,0,0,0,0,0,0,1,0,0,0,0,0,0,0,0,0,0,0,0,0,0,0,1.386,-3.067,7.447,0,0,1,1,0,-0.98,-0.488,-0.064,319
"332",3820,0,0.665,0,1,1,0,0,0,0,0,0,0,0,1,0,0,0,0,0,0,0,0,0,0,0,1,0,0,0,0,0,0,0.693,-5.327,8.473,0,0,0,0,0,-1.15,-0.344,-0.581,320
"333",3825,0,0.561,1,1,0,0,0,0,0,1,0,0,0,0,0,0,0,0,0,0,1,0,0,0,0,1,0,0,0,0,0,0,0.693,-1.708,7.67,0,0,0,0,0,0.788,-0.478,-0.553,321
"334",3830,4,0.428,1,0,0,0,1,0,0,0,0,0,0,0,3,0,0,0,0,0,0,0,0,0,0,0,0,1,0,0,0,0,0.693,-3.753,8.492,0,1,1,0,0,0.633,0.728,-0.36,322
"335",3835,0,0.563,1,1,1,0,0,0,0,0,0,0,0,1,0,0,0,0,0,0,0,0,0,0,0,1,0,0,0,0,0,0,0.693,-1.739,7.874,0,0,0,0,0,0.788,-0.349,-0.577,323
"336",3840,0,0.523,1,1,1,0,0,0,0,0,0,0,0,1,0,0,0,0,0,0,0,0,0,0,0,1,0,1,0,0,0,0,0.693,-1.749,0,0,0,0,0,0,0.752,-0.354,-0.576,324
"338",3845,0,0.685,0,1,1,0,0,0,0,0,0,0,0,1,0,0,0,0,0,0,0,0,0,0,0,1,0,0,0,0,0,0,0.693,-3.503,8.622,0,0,0,0,0,-0.957,-0.365,-0.549,325
"339",3855,0,0.522,1,1,1,0,0,0,0,0,0,0,0,1,0,0,0,0,0,0,0,0,0,0,0,1,0,0,0,0,0,0,0.693,-0.672,7.814,0,0,0,0,0,0.919,-0.314,-0.583,326
"340",3860,0,0.926,0,0,0,0,1,0,0,0,0,0,0,1,1,2,0,0,0,0,0,0,0,0,0,0,0,0,0,0,0,0,0.693,-5.571,0,0,0,1,1,0,-1.287,0.38,-0.069,327
"341",3863,0,0.887,0,1,0,0,1,1,0,0,1,0,0,0,0,3,1,0,0,0,0,0,0,0,0,0,0,0,0,0,0,1,0.693,-5.279,7.198,1,0,1,1,1,-1.22,1.078,2.103,328
"342",3865,10,0.446,0,1,1,1,1,0,0,1,0,0,0,1,0,2,0,0,0,0,1,0,0,0,0,1,0,0,0,0,0,0,0.693,-3.259,6.064,0,1,1,0,0,-0.969,-0.02,-0.46,329
"343",3870,0,0.677,0,1,1,0,0,0,0,0,0,0,0,1,0,0,0,0,0,0,0,0,0,0,0,1,0,0,0,0,0,0,0.693,-4.219,7.967,0,0,0,0,0,-1.06,-0.347,-0.558,330
"344",3875,0,0.687,0,1,1,0,0,0,0,0,0,0,0,1,0,0,0,0,0,0,0,0,0,0,0,1,0,0,0,0,0,0,0.693,-4.615,8.547,0,0,0,0,0,-1.074,-0.362,-0.581,331
"345",3880,0,0.51,1,1,1,0,0,0,0,0,0,0,0,1,0,0,0,0,0,0,0,0,0,0,0,1,0,0,0,0,0,0,0.693,-1.058,6.852,0,0,0,0,0,0.855,-0.336,-0.568,332
"346",3890,0,0.569,1,1,1,0,0,0,0,0,0,0,0,1,0,0,0,0,0,0,0,0,0,0,0,1,0,0,0,0,0,0,0.693,-1.765,8.199,0,0,0,0,0,0.803,-0.349,-0.556,333
"347",3895,1.214,0.996,0,0,0,0,1,0,0,1,0,0,0,0,0,3,0,1,0,0,0,0,0,0,0,0,0,1,0,0,1,0,2.639,-1.966,6.594,0,1,1,0,0,-0.847,0.442,-0.113,334
"350",3905,0,0.613,0,1,1,0,0,0,0,0,0,0,0,0,0,0,0,0,0,0,0,0,0,0,0,1,0,0,0,0,0,0,0.693,-4.663,8.041,0,0,0,0,0,-1.097,-0.493,-0.577,335
"351",3910,0,0.444,1,1,1,1,0,0,0,1,0,0,0,0,0,0,0,0,0,0,0,0,0,1,0,0,0,0,0,0,0,0,0.693,-1.767,7.016,0,0,0,0,0,0.779,-0.495,-0.7,336
"352",3915,0,0.684,0,1,1,0,0,0,0,0,0,0,0,0,0,0,0,0,0,0,0,0,0,0,0,1,0,0,0,0,0,0,0.693,-5.297,8.272,0,0,0,0,0,-1.153,-0.5,-0.583,337
"353",3920,0,0.613,0,1,1,0,0,0,0,0,0,0,0,1,0,0,0,0,0,0,0,0,0,0,0,1,0,0,0,0,0,0,0.693,-5.445,7.801,0,0,0,0,0,-1.183,-0.349,-0.576,338
"354",3925,9.5,0.153,1,1,0,0,1,0,0,1,0,0,0,0,0,2,1,0.5,0,0,1,0,0,0,0,0,0,1,0,0,1,0,0.693,-1.968,8.684,0,0,1,1,1,0.883,0.245,0.775,339
"355",3930,4.5,1,0,1,0,0,1,1,0,0,1,2,0,1,0,3,0,0,0,0,0,0,0,0,0,0,0,0,0,0,0,1,0.693,-7.419,0,1,0,1,1,1,-1.487,1.809,2.111,340
"356",3955,3.5,0.856,0,0,1,1,0,0,0,0,0,0,0,0,0,2,0,0,0,0,0,0,0,0,0,0,0,0,0,0,0,0,0.693,-3.663,0,0,0,0,0,0,-1.063,-0.184,-0.533,341
"357",3960,0,0.979,0,1,0,0,1,0,0,0,0,0,0,0,0,3,1,0,0,0,0,0,0,0,0,0,0,0,0,0,0,0,0.693,-4.189,7.054,0,0,1,1,0,-1.13,-0.017,-0.159,342
"358",3963,0,0.894,0,0,0,1,1,0,0,0,0,0,0,0,0,2,0,0,0,0,0,0,0,0,0,1,0,0,0,0,0,0,0.693,-5.166,5.407,0,0,1,1,0,-1.226,-0.183,-0.121,343
"359",3970,0,0.592,0,1,1,0,0,0,0,0,0,0,0,1,0,0,0,0,0,0,0,0,0,0,0,1,0,0,0,0,0,0,0.693,-4.101,6.855,0,0,0,0,0,-1.071,-0.354,-0.579,344
"361",3995,0.2,0.963,0,1,0,0,1,0,0,0,0,0,0,0,0,3,0,0,0,0,0,0,0,0,0,0,0,0,0,0,0,0,1.609,-3.157,6.44,0,0,1,1,0,-1.004,-0.028,-0.158,345
"362",4005,8,0.478,1,1,1,0,0,0,0,0,0,0,0,0,0,1,0,0,0,0,0,0,0,0,0,1,0,0,0,0,1,0,0.693,-1.034,7.152,0,0,0,0,0,0.867,0.15,-0.581,346
"363",4010,7.889,0.397,1,1,1,1,0,0,0,1,0,0,0,0,0,1,0,0,0,0,0,0,0,0,0,1,0,0,0,0,0,0,0.693,-0.574,6.659,0,0,0,0,0,0.919,-0.347,-0.625,347
"364",4015,7.889,0.386,1,1,1,1,0,0,0,1,0,0,0,0,0,1,0,0,0,0,0,0,1,0,0,1,0,0,0,0,0,0,0.693,-0.669,7.215,0,0,0,0,0,0.927,-0.341,-0.625,348
"365",4020,5,0.099,0,0,0,0,1,0,0,0,0,3,0,0,0,2,1,0,0,0,0,0,0,0,0,0,0,1,0,0,0,0,0.693,-2.969,8.773,0,0,1,1,0,-0.784,0.748,-0.099,349
"366",4025,8.5,0.423,1,1,0,0,0,0,0,1,0,0,0,0,0,1,0,0,0,0,0,0,0,1,0,1,0,0,0,0,0,0,0.693,-2.014,6.746,0,0,0,0,0,0.76,-0.334,-0.653,350
"367",4030,0,0.983,0,1,0,0,1,0,0,0,0,3,0,0,0,3,0,0,0,0,0,0,0,0,0,0,0,0,0,0,1,0,0.693,-3.911,0,0,1,1,0,0,-1.113,1.323,-0.438,351
"368",4035,9,0.454,1,1,1,0,0,0,0,0,0,0,0,0,0,1,0,0,0,0,0,0,0,0,0,1,0,0,0,0,0,0,0.693,-1.776,0,0,0,0,0,0,0.765,-0.303,-0.583,352
"369",4045,10,0.484,0,1,0,0,0,0,0,0,0,0,0,0,0,1,0,0,0,0,0,0,0,0,0,1,0,0,0,0,1,0,0.693,-2.369,6.227,0,0,0,0,0,-0.848,0.123,-0.567,353
"370",4050,7.5,0.479,0,1,1,0,0,0,0,1,0,0,0,0,0,2,0,0,0,0,0,0,0,1,0,1,0,0,0,0,0,0,0.693,-2.239,6.564,0,0,0,0,0,-0.864,-0.212,-0.65,354
"371",4060,9.5,0.452,1,1,0,0,0,0,0,1,0,0,0,0,0,1,0,0,0,0,0,0,0,1,0,1,0,0,0,0,1,0,0.693,-2.257,6.657,0,0,0,0,0,0.725,0.129,-0.657,355
"372",4065,7,0.479,0,1,1,1,0,0,0,1,0,0,0,0,0,0,0,0,0,0,0,0,0,0,0,1,0,0,0,0,0,0,0.693,-2.526,6.146,0,0,0,0,0,-0.888,-0.508,-0.626,356
"373",4070,8.667,0.398,1,1,0,0,0,0,0,1,0,0,0,0,0,1,0,0,0,0,0,0,0,1,0,1,0,0,0,0,1,0,0.693,-1.797,6.387,0,0,0,0,0,0.77,0.099,-0.645,357
"374",4075,8.167,0.979,0,1,0,0,0,0,0,0,0,0,0,0,0,1,0,0,0,0,0,0,0,0,0,1,0,0,0,0,0,0,0.693,-2.55,0,0,0,0,0,0,-0.961,-0.325,-0.581,358
"375",4080,9,0.963,0,1,0,0,0,0,0,0,0,0,0,0,0,1,0,0,0,0,0,0,0,0,0,1,0,0,0,0,1,0,0.693,-3.061,5.829,0,0,0,0,0,-1.031,0.137,-0.57,359
"376",4085,9,0.484,0,1,1,1,0,0,0,1,0,0,0,0,0,1,0,0,0,0,0,0,0,1,0,1,0,0,0,0,0,0,0.693,-3.727,0,0,0,0,0,0,-1.027,-0.341,-0.688,360
"377",4090,9,0.484,1,1,1,0,0,0,0,0,0,0,0,0,0,0,0,0,0,0,0,0,0,0,0,1,0,0,0,0,0,0,0.693,-1.961,6.712,0,0,0,0,0,0.753,-0.481,-0.57,361
"378",4095,9,0.454,0,1,0,0,0,0,0,0,0,0,0,0,0,1,0,0,0,0,0,0,0,0,0,1,0,0,0,0,0,0,0.693,-2.1,6.709,0,0,0,0,0,-0.839,-0.333,-0.561,362
"379",4100,9.167,0.433,0,1,1,0,0,0,0,0,0,0,0,0,0,1,0,0,0,0,0,0,0,0,0,1,0,0,0,0,0,0,0.693,-2.375,7.023,0,0,0,0,0,-0.857,-0.331,-0.572,363
"380",4105,7,0.447,1,1,0,0,0,0,0,1,0,0,0,0,0,1,0,0,0,0,0,0,0,1,0,1,0,0,0,0,0,0,0.693,-2.14,7.06,0,0,0,0,0,0.747,-0.333,-0.652,364
"381",4110,7.5,0.479,0,1,0,1,0,0,0,1,0,0,0,0,0,0,0,0,0,0,0,0,0,1,0,1,0,0,0,0,0,0,0.693,-3.301,6.14,0,0,0,0,0,-0.97,-0.517,-0.706,365
"382",4120,8,0.818,0,1,1,1,0,0,0,1,0,0,0,0,0,1,0,0,0,0,0,0,0,0,0,1,0,0,0,0,0,0,0.693,-2.416,0,0,0,0,0,0,-0.923,-0.354,-0.635,366
"383",4130,6.125,0.703,1,1,1,0,0,0,0,1,0,3,0,1,0,2,0,0,0,0,0,0,0,1,0,1,0,0,0,0,0,0,0.693,-1.253,6.394,0,0,0,0,0,0.811,0.864,-0.641,367
"384",4135,9,0.377,0,1,0,0,0,0,0,1,0,0,0,0,0,1,0,0,0,0,0,0,0,1,0,1,0,0,0,0,0,0,0.693,-2.661,6.323,0,0,0,0,0,-0.888,-0.357,-0.653,368
"385",4145,7.167,0.855,1,1,1,1,0,0,0,1,0,0,0,0,0,0,0,0,0,0,0,0,0,0,0,1,0,0,0,0,0,0,0.693,-1.643,0,0,0,0,0,0,0.729,-0.481,-0.633,369
"386",4150,6.5,0.985,0,1,1,1,0,0,0,0,0,0,0,0,0,0,0,0,0,0,0,0,0,0,0,1,0,0,0,0,1,0,0.693,-3.792,0,0,0,0,0,0,-1.111,-0.041,-0.619,370
"387",4155,7.5,0.37,0,1,1,0,0,0,0,0,0,0,0,0,0,1,0,0,0,0,0,0,0,0,0,1,0,0,0,0,1,0,0.693,-2.965,7.338,0,0,0,0,0,-0.901,0.128,-0.564,371
"388",4160,10,0.376,0,1,1,0,0,0,0,0,0,0,0,0,0,1,0,0,0,0,0,0,0,0,0,1,0,0,0,0,1,0,0.693,-3.168,7.116,0,0,0,0,0,-0.926,0.138,-0.579,372
"389",4165,10,0.376,1,1,1,0,0,0,0,0,0,0,0,0,0,1,0,0,0,0,0,0,0,0,0,1,0,0,0,0,0,0,0.693,-2.252,6.064,0,0,0,0,0,0.757,-0.337,-0.567,373
"390",4170,6.667,0.311,1,1,0,0,0,0,0,0,0,0,0,0,0,1,0,0,0,0,0,0,0,0,0,1,0,0,0,0,0,0,0.693,-1.352,7.206,0,0,0,0,0,0.863,-0.353,-0.569,374
"392",4180,8.5,0.334,1,1,0,0,0,0,0,1,0,0,0,0,0,1,0,0,0,0,0,0,0,1,0,1,0,0,0,0,1,0,0.693,-2.541,6.999,0,0,0,0,0,0.729,0.124,-0.671,375
"393",4185,9.2,0.373,1,1,1,0,0,0,0,0,0,0,0,0,0,1,0,0,0,0,0,0,0,0,0,1,0,0,0,0,0,0,0.693,-1.717,4.932,0,0,0,0,0,0.785,-0.332,-0.572,376
"394",4190,10,0.376,0,1,0,0,0,0,0,1,0,0,0,0,0,1,0,0,0,0,0,0,0,1,0,1,0,0,0,0,1,0,0.693,-4.03,6.551,0,0,0,0,0,-1.033,0.125,-0.635,377
"395",4195,8.2,0.989,0,1,1,0,0,0,0,0,0,0,0,1,0,1,0,0,0,0,0,0,0,0,0,1,0,0,0,0,0,0,0.693,-3.652,6.384,0,0,0,0,0,-1.07,-0.193,-0.579,378
"396",4200,7.5,0.37,1,1,1,0,0,0,0,0,0,0,0,0,0,0,0,0,0,0,0,0,0,0,0,1,0,0,0,0,0,0,0.693,-2.166,6.693,0,0,0,0,0,0.773,-0.476,-0.586,379
"397",4205,7.5,0.342,0,1,1,0,0,0,0,0,0,0,0,0,0,1,0,0,0,0,0,0,0,0,0,1,0,0,0,0,0,0,0.693,-2.246,6.601,0,0,0,0,0,-0.819,-0.325,-0.572,380
"398",4210,8.5,0.377,0,1,1,1,0,0,0,1,0,0,0,0,0,1,0,0,0,0,1,0,0,0,0,1,0,0,0,0,0,0,0.693,-2.984,0,0,0,0,0,0,-0.921,-0.331,-0.623,381
"399",4215,9.5,0.337,1,1,0,0,0,0,0,1,0,0,0,0,0,1,0,0,0,0,0,0,0,1,0,1,0,0,0,0,1,0,0.693,-2.607,6.964,0,0,0,0,0,0.718,0.138,-0.639,382
"400",4220,2.652,0.959,1,1,1,0,1,0,0,0,1,0,0,0,0,2,0,0,0,0,0,0,0,0,0,1,0,1,0,0,0.4,0,2.197,0.369,6.742,0,0,1,1,0,0.969,0.684,-0.187,383
"401",4225,7,0.943,0,1,1,1,0,0,0,1,0,0,0,0,0,1,0,0,0,0,0,0,0,0,0,1,0,0,0,0,0,0,0.693,-2.41,0,0,0,0,0,0,-0.931,-0.333,-0.629,384
"402",4230,6.167,0.841,1,1,1,1,0,0,0,1,0,0,0,0,0,0,0,0,0,0,0,0,0,0,0,1,0,0,0,0,0,0,0.693,-1.54,0,0,0,0,0,0,0.747,-0.505,-0.614,385
"403",4235,2.667,0.852,1,1,1,0,1,0,0,1,0,0,0,1,1,1,0,0,0,0,0,0,0,1,0,1,0,0,0,0,1,0,0.693,-1.616,0,0,0,1,1,0,0.734,0.644,-0.238,386
"404",4240,6.667,0.269,1,1,1,1,0,0,0,1,0,0,0,0,0,1,0,0,0,0,0,0,0,0,0,1,0,0,0,0,1,0,0.693,-1.468,6.744,0,0,0,0,0,0.838,0.111,-0.644,387
"405",4245,2.167,0.853,1,1,1,0,1,0,0,0,1,0,0,0,0,1,0,0,0,0,0,0,0,0,0,1,0,1,0,0,0,1,0.693,-1.637,7.169,0,0,1,1,1,0.736,0.743,0.65,388
"406",4250,7.5,0.38,0,1,1,1,0,0,0,1,0,0,0,0,0,0,0,0,0,0,0,0,0,0,0,1,0,0,0,0,0,0,0.693,-3.081,6.54,0,0,0,0,0,-0.929,-0.529,-0.647,389
"407",4255,2.667,0.859,1,1,1,1,1,0,0,0,1,2,0,0,0,1,0,0,0,0,0,0,0,0,0,1,0,0,0,0,1,0,0.693,-1.674,7.303,0,0,1,1,0,0.748,1.343,-0.223,390
"408",4260,7.5,0.3,1,1,0,0,0,0,0,0,0,0,0,0,0,1,0,0,0,0,0,0,0,0,0,1,0,0,0,0,1,0,0.693,-2.01,7.139,0,0,0,0,0,0.787,0.113,-0.581,391
"409",4270,7.167,0.129,1,0,1,1,0,0,0,1,0,0,0,0,0,0,0,0,0,0,0,0,0,0,0,1,0,0,0,0,0,0,0.693,-1.499,8.309,0,0,0,0,0,0.906,-0.522,-0.549,392
"410",4275,7.667,0.976,0,1,1,1,0,0,0,1,0,0,0,0,0,1,0,0,0,0,0,0,0,0,0,1,0,0,0,0,0,0,0.693,-3.284,0,0,0,0,0,0,-1.048,-0.342,-0.64,393
"411",4280,8,0.981,0,1,1,1,0,0,0,1,0,0,0,0,0,0,0,0,0,0,0,0,0,0,0,1,0,0,0,0,0,0,0.693,-3.533,5.855,0,0,0,0,0,-1.069,-0.493,-0.617,394
"412",4285,7.5,0.981,0,1,1,1,0,0,0,1,0,0,0,0,0,0,0,0,0,0,0,0,0,0,0,1,0,0,0,0,0,0,0.693,-3.547,6.25,0,0,0,0,0,-1.055,-0.489,-0.625,395
"413",4290,6,0.989,0,0,1,1,0,0,0,1,0,0,0,0,0,0,0,0,0,0,0,0,0,0,0,1,0,0,0,0,0,0,0.693,-4.093,6.947,0,0,0,0,0,-1.116,-0.464,-0.541,396
"414",4295,1,0.999,0,0,0,0,1,0,0,1,0,0,0,0,0,1,1,1,0,0,0,0,0,0,0,0,0,0,0,0,0,0,0.693,-5.065,0,0,0,1,1,1,-1.24,-0.323,1.017,397
"415",4300,2.167,0.858,1,1,1,0,1,0,0,1,1,0,0,0,0,1,0,0,0,0,0,0,0,1,0,1,0,0,0,0,0,1,0.693,-1.67,6.924,0,0,1,1,0,0.741,0.754,-0.244,398
"416",4305,6.167,0.855,1,1,1,1,0,0,0,1,0,0,0,0,0,0,0,0,0,0,0,0,0,0,0,1,0,0,0,0,0,0,0.693,-1.645,7.009,0,0,0,0,0,0.732,-0.505,-0.627,399
"417",4310,9,0.995,0,0,1,1,0,0,0,1,0,0,0,0,0,1,0,0,0,0,0,0,0,0,0,1,0,0,0,0,0,0,0.693,-4.872,6.534,0,0,0,0,0,-1.196,-0.336,-0.55,400
"418",4315,8.5,0.995,0,0,1,1,0,0,0,1,0,0,0,0,0,1,0,0,0,0,0,0,0,0,0,1,0,0,0,0,0,0,0.693,-4.927,6.755,0,0,0,0,0,-1.209,-0.312,-0.545,401
"419",4320,10,0.995,0,0,1,1,0,0,0,1,0,0,0,0,0,1,0,0,0,0,0,0,0,0,0,1,0,0,0,0,0,0,0.693,-4.817,6.339,0,0,0,0,0,-1.196,-0.342,-0.551,402
"420",4325,7.167,0.995,0,1,1,0,0,0,0,1,0,0,0,0,0,0,0,0,0,0,0,0,0,1,0,1,0,0,0,0,0,0,0.693,-4.784,6.004,0,0,0,0,0,-1.199,-0.505,-0.655,403
"421",4330,5,0.331,1,1,0,0,0,0,0,0,0,0,0,0,0,1,0,0,0,0,0,0,0,0,0,1,0,1,0,0,1,0,0.693,-2.47,8.147,0,0,0,0,0,0.759,0.147,-0.596,404
"423",4340,7,0.957,0,1,1,0,0,0,0,0,0,0,0,0,0,1,0,0,0,0,0,0,0,0,0,1,0,0,0,0,0,0,0.693,-2.683,6.455,0,0,0,0,0,-0.967,-0.327,-0.575,405
"424",4345,6.167,0.96,0,0,1,1,0,0,0,1,0,0,0,0,0,1,0,0,0,0,0,0,0,0,0,1,0,0,0,0,0,0,0.693,-2.756,0,0,0,0,0,0,-0.979,-0.343,-0.53,406
"425",4350,9,0.362,0,1,1,0,0,0,0,0,0,0,0,0,0,1,0,0,0,0,0,0,0,0,0,1,0,0,0,0,1,0,0.693,-2.754,7.262,0,0,0,0,0,-0.88,0.167,-0.565,407
"426",4370,8.5,0.989,0,1,0,0,1,0,0,0,0,0,0,0,0,1,0,0,0,0,0,0,0,0,0,1,0,0,0,0,0,0,0.693,-4.486,0,0,1,1,0,0,-1.166,-0.352,-0.435,408
"427",4380,5.5,0.991,0,1,1,0,0,0,0,1,0,0,0,0,0,1,0,0,0,0,0,0,0,1,0,1,0,0,0,0,0,0,0.693,-4.59,0,0,0,0,0,0,-1.191,-0.357,-0.65,409
"428",4400,2.944,0.964,1,1,1,0,1,0,0,0,1,0,0,0,0,3,0,0,0,0,0,0,0,0,0,0,0,1,0,0,0,1,2.197,0.153,6.857,0,1,1,0,0,0.972,1.077,-0.443,410
"429",4405,6.5,0.971,0,1,1,0,0,0,0,1,0,0,0,0,0,0,0,0,0,0,0,0,0,1,0,1,0,0,0,0,0,0,0.693,-3.531,6.38,0,0,0,0,0,-1.049,-0.494,-0.648,411
"430",4410,8,0.337,1,1,0,0,0,0,0,1,0,0,0,0,0,0,0,0,0,0,0,0,0,1,0,1,0,0,0,0,1,0,0.693,-3.013,7.053,0,0,0,0,0,0.674,-0.042,-0.665,412
"431",4415,6,0.71,1,1,1,0,0,0,0,0,0,0,0,1,0,0,0,0,0,0,0,0,0,0,0,1,0,0,0,0,0,0,0.693,-1.403,7.703,0,0,0,0,0,0.798,-0.359,-0.58,413
"432",4420,8,0.336,1,1,0,0,0,0,0,1,0,0,0,0,0,1,0,0,0,0,0,0,0,1,0,1,0,0,0,0,0,0,0.693,-3,7.116,0,0,0,0,0,0.678,-0.336,-0.648,414
"433",4425,3,0.996,0,1,1,0,0,0,0,0,0,0,0,1,0,1,0,0,0,0,0,0,0,0,0,1,0,0,0,0,0,0,0.693,-5.699,0,0,0,0,0,0,-1.306,-0.197,-0.576,415
"434",4430,7,0.995,0,0,1,1,0,0,0,1,0,0,0,0,0,0,0,0,0,0,0,0,0,0,0,1,0,0,0,0,1,0,0.693,-5.198,5.318,0,0,0,0,0,-1.234,-0.006,-0.542,416
"435",4435,8,0.977,0,1,1,0,0,0,0,0,0,0,0,0,0,0,0,0,0,0,0,0,0,0,0,1,0,0,0,0,0,0,0.693,-3.775,6.509,0,0,0,0,0,-1.087,-0.478,-0.569,417
"436",4440,8.5,0.336,1,1,0,0,0,0,0,1,0,0,0,0,0,0,0,0,0,0,0,0,0,1,0,1,0,0,0,0,1,0,0.693,-3.008,6.966,0,0,0,0,0,0.67,-0.042,-0.659,418
"437",4445,8,0.336,1,1,0,0,0,0,0,0,0,0,0,0,0,1,0,0,0,0,0,0,0,0,0,1,0,0,0,0,1,0,0.693,-2.998,7.666,0,0,0,0,0,0.692,0.139,-0.573,419
"438",4455,6.5,0.98,0,1,1,1,0,0,0,1,0,0,0,0,0,0,0,0,0,0,0,0,0,0,0,1,0,0,0,0,0,0,0.693,-3.918,7.192,0,0,0,0,0,-1.09,-0.497,-0.627,420
"439",4460,6.25,0.984,0,1,0,0,0,0,0,1,0,0,0,0,0,0,0,0,0,0,0,0,0,1,0,1,0,0,0,0,0,0,0.693,-4.11,6.491,0,0,0,0,0,-1.121,-0.49,-0.664,421
"440",4465,9,0.374,0,1,1,0,0,0,0,0,0,0,0,0,0,1,0,0,0,0,0,0,0,0,0,1,0,0,0,0,1,0,0.693,-3.579,7.246,0,0,0,0,0,-0.963,0.145,-0.593,422
"441",4470,2,0.861,1,1,1,1,1,0,0,0,1,3,0,0,3,1,0,0,0,0,0,0,0,0,0,1,0,0,0,0,0,1,0.693,-2.104,7.235,0,0,1,1,0,0.687,2.864,-0.213,423
"442",4475,9.5,0.558,1,1,1,0,0,0,0,1,0,0,0,0,0,0,0,0,0,0,1,0,0,0,0,0,0,0,0,0,0,0,1.099,-1.933,0,0,0,0,0,0,0.761,-0.474,-0.559,424
"443",4480,8.5,0.375,0,1,1,0,0,0,0,0,0,0,0,0,0,1,0,0,0,0,0,0,0,0,0,1,0,0,0,0,0,0,0.693,-3.089,6.192,0,0,0,0,0,-0.925,-0.303,-0.568,425
"444",4485,7,0.27,1,1,0,1,0,0,0,1,0,0,0,0,0,0,0,0,0,0,0,0,0,0,1,1,0,0,0,0,0,0,0.693,-2.051,7.161,0,0,0,0,0,0.77,-0.499,-0.55,426
"445",4490,6.5,0.961,0,1,1,1,0,0,0,1,0,0,0,0,0,1,0,0,0,0,0,0,0,0,0,1,0,0,0,0,0,0,0.693,-3.187,0,0,0,0,0,0,-1.042,-0.316,-0.638,427
"446",4500,7,0.854,1,1,1,0,0,0,0,1,0,0,0,0,0,1,0,0,0,0,0,0,0,1,0,1,0,0,0,0,0,0,0.693,-2.051,6.828,0,0,0,0,0,0.701,-0.279,-0.652,428
"447",4505,5.5,0.859,1,1,1,0,0,0,0,1,0,0,0,0,0,1,0,0,0,0,0,0,0,1,0,1,0,0,0,0,0,0,0.693,-2.08,6.88,0,0,0,0,0,0.698,-0.318,-0.637,429
"448",4510,6,0.986,0,1,1,0,0,0,0,1,0,0,0,0,0,0,0,0,0,0,0,0,0,1,0,1,0,0,0,0,0,0,0.693,-4.243,6.217,0,0,0,0,0,-1.145,-0.504,-0.638,430
"449",4515,7.75,0.991,0,1,1,1,0,0,0,1,0,0,0,0,0,2,0,0,0,0,0,0,0,0,0,1,0,0,0,0,0,0,0.693,-4.599,6.686,0,0,0,0,0,-1.165,-0.174,-0.632,431
"450",4525,4.5,0.331,1,1,0,0,0,0,0,0,0,0,0,0,0,1,0,0,0,0,0,0,0,0,0,1,0,1,0,0,1,0,0.693,-2.919,8.072,0,0,0,0,0,0.726,0.105,-0.579,432
"451",4535,5,0.335,1,1,0,0,0,0,0,0,0,0,0,0,0,1,0,0,0,0,0,0,0,0,0,1,0,1,0,0,1,0,0.693,-2.979,7.772,0,0,0,0,0,0.688,0.118,-0.596,433
"452",4540,7,0.34,1,1,0,0,0,0,0,0,0,0,0,0,0,1,0,0,0,0,0,0,0,0,0,1,0,1,0,0,1,0,0.693,-3.677,7.648,0,0,0,0,0,0.634,0.112,-0.608,434
"453",4545,8.5,0.966,0,1,1,1,0,0,0,1,0,0,0,0,0,1,0,0,0,0,0,0,0,0,0,1,0,0,0,0,0,0,0.693,-4.042,5.905,0,0,0,0,0,-1.109,-0.352,-0.646,435
"454",4550,5,0.383,0,0,0,0,1,0,0,0,0,0,0,0,0,0,0,0,0,0,0,0,0,0,0,1,0,0,0,0,0,0,0.693,-4.09,0,0,0,1,1,0,-1.044,-0.485,-0.07,436
"455",4555,3,0.985,0,1,0,0,0,0,0,0,0,0,0,0,0,0,0,0,0,0,0,0,0,0,0,1,0,0,0,0,0,0,0.693,-5.065,6.221,0,0,0,0,0,-1.236,-0.483,-0.574,437
"456",4560,2,0.847,1,1,0,0,0,0,0,1,0,2,0,0,3,0,0,0,0,0,1,0,0,0,0,1,0,0,0,0,0,0,0.693,-2.696,7.169,0,0,0,0,0,0.633,1.343,-0.553,438
"457",4565,7.5,0.988,0,1,0,0,0,0,0,0,0,0,0,0,0,2,0,0,0,0,0,0,0,0,0,1,0,0,0,0,0,0,0.693,-5.167,6.567,0,0,0,0,0,-1.228,-0.147,-0.587,439
"458",4570,7,0.268,1,1,0,0,0,0,0,0,0,0,0,0,0,1,0,0,0,0,0,0,0,0,0,1,0,0,0,0,0,0,0.693,-2.564,7.593,0,0,0,0,0,0.721,-0.332,-0.593,440
"459",4575,9,0.98,0,1,1,1,0,0,0,1,0,0,0,0,0,1,0,0,0,0,0,0,0,0,0,1,0,0,0,0,0,0,0.693,-4.623,0,0,0,0,0,0,-1.178,-0.313,-0.617,441
"460",4580,4.5,0.34,1,1,0,0,0,0,0,0,0,0,0,0,0,1,0,0,0,0,0,0,0,0,0,1,0,1,0,0,1,0,0.693,-3.677,7.954,0,0,0,0,0,0.63,0.144,-0.601,442
"461",4590,5.5,0.988,0,1,0,0,0,0,0,1,0,0,0,0,0,0,0,0,0,0,0,0,0,1,0,1,0,0,0,0,0,0,0.693,-5.141,5.953,0,0,0,0,0,-1.229,-0.512,-0.651,443
"462",4595,5,0.34,1,1,0,0,0,0,0,0,0,0,0,0,0,1,0,0,0,0,0,0,0,0,0,1,0,1,0,0,1,0,0.693,-3.683,8.123,0,0,0,0,0,0.63,0.13,-0.593,444
"463",4600,8,0.384,0,1,1,0,0,0,0,0,0,0,0,0,0,1,0,0,0,0,0,0,0,0,0,1,0,0,0,0,0,0,0.693,-4.123,6.271,0,0,0,0,0,-1.036,-0.309,-0.58,445
"464",4605,2,0.835,1,1,0,0,0,0,0,0,0,0,0,0,0,0,0,0,0,0,0,0,0,0,0,1,0,0,0,0,0,0,0.693,-2.605,7.67,0,0,0,0,0,0.667,-0.481,-0.59,446
"465",4610,7.5,0.982,0,1,1,0,0,0,0,0,0,0,0,0,0,0,0,0,0,0,0,0,0,0,0,1,0,0,0,0,0,0,0.693,-4.725,6.509,0,0,0,0,0,-1.183,-0.476,-0.57,447
"466",4615,5,0.381,0,1,1,1,0,0,0,1,0,0,0,0,0,0,0,0,0,0,0,0,0,0,0,1,0,0,0,0,0,0,0.693,-4.089,6.851,0,0,0,0,0,-1.023,-0.501,-0.639,448
"467",4625,9.5,0.381,0,1,0,0,0,0,0,0,0,0,0,1,0,0,0,0,0,0,0,0,0,0,0,1,0,0,0,0,0,0,0.693,-4.03,6.762,0,0,0,0,0,-1.026,-0.371,-0.563,449
"468",4630,6,0.988,0,1,1,0,0,0,0,1,0,0,0,0,0,0,0,0,0,0,0,0,0,1,0,1,0,0,0,0,0,0,0.693,-5.123,6.892,0,0,0,0,0,-1.209,-0.489,-0.646,450
"469",4635,7,0.268,1,1,1,0,0,0,0,0,0,0,0,1,0,1,0,0,0,0,0,0,0,0,0,1,0,0,0,0,1,0,0.693,-2.463,7.286,0,0,0,0,0,0.753,0.256,-0.552,451
"470",4640,5.5,0.887,0,0,1,1,0,0,0,1,0,0,0,0,0,2,0,0,0,0,0,0,0,0,0,0,0,0,0,0,0,0,0.693,-5.351,0,0,0,0,0,0,-1.263,-0.139,-0.527,452
"471",4645,4.5,0.995,0,1,1,0,0,0,0,0,0,0,0,0,0,0,0,0,0,0,0,0,0,0,0,1,0,0,0,0,0,0,0.693,-5.941,7.848,0,0,0,0,0,-1.298,-0.476,-0.569,453
"472",4650,7.5,0.98,0,1,1,1,0,0,0,1,0,0,0,0,0,0,0,0,0,0,0,0,0,0,0,1,0,0,0,0,0,0,0.693,-4.618,6.227,0,0,0,0,0,-1.19,-0.47,-0.632,454
"473",4655,5.5,0.989,0,1,0,0,0,0,0,1,0,0,0,0,0,1,0,0,0,0,0,0,0,1,0,1,0,0,0,0,0,0,0.693,-5.212,7.923,0,0,0,0,0,-1.216,-0.317,-0.657,455
"474",4660,7.5,0.34,1,1,0,0,0,0,0,1,0,0,0,0,0,1,0,0,0,0,0,0,0,1,0,1,0,0,0,0,1,0,0.693,-3.673,6.905,0,0,0,0,0,0.588,0.138,-0.661,456
"475",4670,5.5,0.881,0,0,1,1,0,0,0,1,0,0,0,0,0,0,0,0,0,0,0,0,0,0,0,1,0,0,0,0,0,0,0.693,-4.707,0,0,0,0,0,0,-1.182,-0.452,-0.526,457
"476",4675,2.5,0.831,1,1,1,0,0,0,0,1,0,0,0,0,0,1,0,0,0,0,1,0,0,0,0,1,0,0,0,0,0,0,0.693,-1.717,0,0,0,0,0,0,0.733,-0.325,-0.552,458
"477",4680,8.5,0.78,0,1,1,0,0,0,0,1,0,0,0,0,0,1,0,0,0,0,0,0,0,1,0,1,0,0,0,0,0,0,0.693,-4.456,0,0,0,0,0,0,-1.141,-0.338,-0.656,459
"478",4685,8.5,0.882,0,1,1,1,0,0,0,1,0,0,0,0,0,0,0,0,0,0,0,0,0,0,0,1,0,0,0,0,0,0,0.693,-5.801,6.317,0,0,0,0,0,-1.289,-0.5,-0.62,460
"479",4690,3.5,0.998,0,1,1,0,0,0,0,0,0,0,0,0,0,0,0,0,0,0,0,0,0,0,0,1,0,0,0,0,0,0,0.693,-4.781,7.611,0,0,0,0,0,-1.167,-0.488,-0.584,461
"480",4705,8.5,0.666,0,1,1,0,0,0,0,1,0,0,0,0,0,1,0,0,0,0,0,0,0,1,0,1,0,0,0,0,0,0,0.693,-4.88,6.133,0,0,0,0,0,-1.156,-0.331,-0.636,462
"481",4710,8.5,0.654,0,1,1,0,0,0,0,0,0,0,0,0,0,1,0,0,0,0,0,0,0,0,0,1,0,0,0,0,0,0,0.693,-2.845,6.565,0,0,0,0,0,-0.937,-0.318,-0.565,463
"482",4715,7.5,0.872,0,1,1,1,0,0,0,1,0,0,0,0,0,0,0,0,0,0,0,0,0,0,0,1,0,0,0,0,0,0,0.693,-3.014,6.258,0,0,0,0,0,-0.999,-0.495,-0.637,464
"483",4720,4,0.88,0,1,1,1,0,0,0,1,0,0,0,1,0,0,0,0,0,0,0,0,0,0,0,1,0,0,0,0,0,0,0.693,-4.835,7.722,0,0,0,0,0,-1.173,-0.36,-0.633,465
"484",4730,4,0.988,0,1,1,0,0,0,0,1,0,0,0,0,0,2,0,0,0,0,0,0,0,1,0,1,0,0,0,0,0,0,0.693,-2.891,0,0,0,0,0,0,-1.002,-0.167,-0.647,466
"485",4740,7.5,0.383,0,1,1,0,0,0,0,1,0,0,0,0,0,2,0,0,0,0,0,0,0,1,0,1,0,0,0,0,0,0,0.693,-2.755,5.945,0,0,0,0,0,-0.9,-0.156,-0.648,467
"486",4760,5,0.677,0,1,0,0,0,0,0,0,0,0,0,0,0,0,0,0,0,0,0,0,0,0,0,0,0,0,0,0,0,0,0.693,-2.677,7.436,0,0,0,0,0,-0.913,-0.481,-0.577,468
"487",4770,4,0.992,0,1,1,0,0,0,0,1,0,0,0,0,0,0,0,0,0,0,1,0,0,1,0,0,0,0,0,0,0,0,0.693,-5.058,6.047,0,0,0,0,0,-1.231,-0.503,-0.618,469
"488",4775,10,0.696,0,1,1,0,0,0,0,0,0,0,0,0,0,1,0,0,0,0,0,0,0,0,0,1,0,0,0,0,0,0,0.693,-3.041,6.354,0,0,0,0,0,-0.969,-0.321,-0.578,470
"490",4780,0,0.879,0,1,1,0,0,0,0,1,0,0,0,0,0,0,0,0,0,0,0,0,0,1,0,1,0,0,0,0,0,0,0.693,-4.648,6.558,0,0,0,0,0,-1.171,-0.502,-0.673,471
"491",4785,7.25,0.378,0,1,1,0,0,0,0,0,0,0,0,0,0,2,0,0,0,0,0,0,0,0,0,1,0,0,0,0,1,0,0.693,-4.668,0,0,0,0,0,0,-1.098,0.283,-0.565,472
"492",4790,4,0.874,0,1,1,0,0,0,0,1,0,0,0,0,0,0,0,0,0,0,0,0,0,1,0,1,0,0,0,0,0,0,0.693,-4.36,7.125,0,0,0,0,0,-1.123,-0.496,-0.651,473
"493",4795,7,0.884,0,1,1,0,0,0,0,0,0,0,0,0,0,0,0,0,0,0,0,0,0,0,0,0,0,0,0,0,0,0,0.693,-6.516,6.777,0,0,0,0,0,-1.346,-0.506,-0.579,474
"494",4815,3.5,0.989,0,0,1,1,0,0,0,0,0,0,0,0,0,1,0,0,0,0,0,0,0,0,0,1,0,0,0,0,0,0,0.693,-3.405,6.888,0,0,0,0,0,-1.046,-0.368,-0.529,475
"495",4820,8,0.985,0,1,1,1,0,0,0,1,0,0,0,0,0,0,0,0,0,0,0,0,0,1,0,1,0,0,0,0,0,0,0.693,-4.21,0,0,0,0,0,0,-1.154,-0.502,-0.689,476
"496",4825,4,0.873,0,1,1,0,0,0,0,1,0,0,0,0,0,0,0,0,0,0,0,0,0,1,0,1,0,0,0,0,0,0,0.693,-4.201,7.684,0,0,0,0,0,-1.075,-0.497,-0.644,477
"497",4830,9.5,0.69,0,1,1,0,0,0,0,1,0,0,0,0,0,0,0,0,0,0,0,0,0,1,0,1,0,0,0,0,1,0,0.693,-3.636,6.904,0,0,0,0,0,-1.028,-0.017,-0.631,478
"498",4835,7,0.874,0,1,1,0,0,0,0,1,0,0,0,0,0,0,0,0,0,0,0,0,0,1,0,1,0,0,0,0,0,0,0.693,-4.491,6.868,0,0,0,0,0,-1.154,-0.442,-0.643,479
"499",4850,8.5,0.254,0,1,1,0,0,0,0,0,0,0,0,0,0,1,0,0,0,0,0,0,0,0,0,1,0,0,0,0,0,0,0.693,-2.919,7.485,0,0,0,0,0,-0.861,-0.347,-0.582,480
"500",4855,8.5,0.254,0,1,1,0,0,0,0,0,0,0,0,0,0,0,0,0,0,0,0,0,0,0,0,1,0,0,0,0,0,0,0.693,-3.221,6.829,0,0,0,0,0,-0.916,-0.511,-0.567,481
"501",4860,3.5,0.881,0,1,1,1,0,0,0,1,0,0,0,0,0,0,0,0,0,0,0,0,0,0,0,1,0,0,0,0,0,0,0.693,-5.462,7.846,0,0,0,0,0,-1.225,-0.498,-0.635,482
"502",4865,2,0.777,1,1,0,0,1,0,0,0,0,0,1,1,0,3,0,0,0,0,0,0,0,0,0,0,0,1,0,0,1,0,0.693,-2.873,0,0,0,1,1,1,0.591,1.094,0.618,483
"503",4875,5.5,0.768,1,1,1,0,0,0,0,1,0,0,0,0,0,1,0,0,0,0,0,0,0,1,0,1,0,0,0,0,0,0,0.693,-2.665,0,0,0,0,0,0,0.632,-0.316,-0.653,484
"504",4880,7.5,0.865,0,1,1,0,0,0,0,0,0,0,0,1,0,1,0,0,0,0,0,0,0,0,0,1,0,0,0,0,0,0,0.693,-3.876,0,0,0,0,0,0,-1.091,-0.194,-0.577,485
"505",4885,2,0.777,1,1,1,0,0,0,0,1,0,0,0,0,0,0,0,0,0,0,0,0,0,1,0,1,0,0,0,0,0,0,0.693,-2.897,0,0,0,0,0,0,0.617,-0.47,-0.647,486
"506",4890,2,0.778,1,1,1,0,1,0,0,0,0,0,0,0,3,0,0,0,0,0,0,0,0,0,0,1,0,0,0,0,1,0,0.693,-2.905,6.394,0,0,1,1,1,0.601,1.173,0.681,487
"507",4900,5,0.992,0,1,0,0,1,0,0,0,0,0,0,0,0,0,0,0,0,0,0,0,0,0,0,0,0,0,0,0,0,0,0.693,-4.595,0,0,0,1,1,1,-1.172,-0.497,0.678,488
"508",4905,4,0.86,0,1,1,0,0,0,0,0,0,0,0,0,0,0,0,0,0,0,0,0,0,0,0,1,0,0,0,0,0,0,0.693,-4.349,7.755,0,0,0,0,0,-1.112,-0.464,-0.568,489
"511",4930,5.75,0.999,0,1,0,0,0,0,0,1,0,0,0,0,0,0,0,0,0,0,1,0,0,0,0,0,0,0,0,0,0,0,0.693,-6.041,0,0,0,0,0,0,-1.338,-0.489,-0.559,490
"512",4940,3,0.703,1,1,0,0,0,0,0,0,0,0,0,0,0,0,0,0,0,0,0,0,0,0,0,1,0,0,0,0,0,0,0.693,-2.818,0,0,0,0,0,0,0.617,-0.507,-0.565,491
"513",4945,1,0.989,0,0,1,0,1,0,0,0,1,0,0,0,0,3,0,0,0,0,0,0,0,0,0,0,0,0,0,0,1,0,2.398,-2.456,6.552,0,0,1,1,1,-0.922,1.123,0.761,492
