"lambda","atopid","begyr","endyr","uncond.milsup","scope.index","latent.depth.mean","offense","defense","consul","neutral","nonagg","base","armred.rc","organ1","milaid.rc","us.mem","ussr.mem","ecaid","trade.dum","milcor.index","econagg.dum","fp.conc.index","econagg.index","num.mem","nonagg.only","wartime","asymm","asymm.cap","low.kap.sc","freq","avg.democ"
-0.0124369086847344,1050,1831,1848,0,0,1.08238400264185,0,1,0,0,0,0,0,0,0,0,0,0,0,2,0,2,0,2,0,0,0,1,0.2467532,18,-10
0.0378636877750547,1100,1834,1839,0,1,-0.251209555148367,0,1,1,0,0,0,0,0,1,0,0,0,0,1,0,2,0,4,0,0,1,1,0.9114504,6,-3.25
0.0119383624472741,1120,1847,1847,0,0,0.217937033662735,0,1,0,0,0,0,0,0,0,0,0,0,0,1,0,0,0,4,0,0,1,1,-0.027027,1,-1
0.0737842277975179,1160,1854,1856,0,0,0.349047622042318,0,1,1,0,0,3,0,0,0,0,0,0,0,2,0,0,0,4,0,1,1,1,0.9834877,3,-5
0.0919055401832996,1165,1854,1856,0,0,-0.773548649059844,1,0,1,0,0,0,0,0,0,0,0,0,0,0,0,1,0,3,0,1,0,1,1,3,-2.5
0.110545486767892,1190,1855,1856,0,0,-0.812859389121177,0,1,1,0,0,0,0,0,0,0,0,0,0,0,0,1,0,3,0,1,1,1,0.6423146,2,-3.33333333333333
0.0273195498804095,1210,1859,1859,0,2,0.569273155357563,1,1,0,0,0,0,0,2,1,0,0,0,0,3,0,1,0,2,0,0,1,1,0.5939597,1,-7.5
-0.00830760836609158,1225,1861,1862,0,0,0.223644002153332,1,0,0,0,0,0,0,0,0,0,0,0,0,1,0,1,0,3,0,0,0,1,0.8444445,2,-3.33333333333333
-0.00705459061825479,1255,1865,1882,0,2,0.849445721961764,1,1,1,0,0,0,0,0,0,0,0,0,0,3,0,1,0,3,0,1,0,0,1,18,-4.5
0.0265950201206027,1260,1865,1871,0,0,0.194987584789433,1,1,0,0,0,0,0,0,0,0,0,0,0,1,0,0,0,4,0,1,0,0,0.7875648,7,-0.5
0.0638263996194021,1400,1899,1949,1,1,-0.738862679719294,0,1,0,0,1,0,0,0,0,0,0,0,0,0,0,2,0,2,0,0,1,1,0.8509091,51,1.5
0.0138594279624378,1475,1912,1913,0,1,0.434145214970994,0,1,0,1,0,0,0,1,0,0,0,0,0,2,1,0,1,2,0,0,1,0,0.7887324,2,0.5
0.0337460567794028,1490,1913,1918,0,1,0.754773869391646,1,1,1,1,0,0,1,0,0,0,0,3,1,2,1,2,3,2,0,0,0,0,1,6,7
0.0377661791736195,2050,1920,1939,0,1,-0.735222034687917,0,1,1,0,0,0,0,0,0,0,0,0,0,0,1,0,1,2,0,0,0,0,1,20,7
-0.0380215502360027,2055,1920,1936,0,1,1.29212334234976,0,1,0,0,0,1,1,0,1,0,0,0,0,4,0,0,0,2,0,1,0,1,1,17,9
0.0336687602796049,2060,1921,1939,0,2,0.720947719821894,0,1,1,0,0,0,0,0,1,0,0,3,1,2,1,1,2,2,0,1,0,1,0.5121951,19,8.5
0.0340023150114319,2070,1921,1939,0,1,-0.701146800701268,0,1,1,0,0,0,0,0,0,0,0,0,0,0,0,1,0,2,0,0,0,0,0.5454546,19,2
0.0788012615566899,2075,1921,1950,0,1,-0.270539484233402,0,1,0,0,0,0,0,0,1,0,0,0,0,1,1,2,2,2,0,1,0,0,0.8958333,30,-6
0.0353191744514799,2080,1921,1939,0,0,-0.69637257138334,0,1,1,0,0,0,0,0,0,0,0,0,0,0,0,0,0,2,0,0,0,0,0.7923323,19,1.5
0.00953405764336142,2085,1921,1940,0,0,-0.710693446054891,0,1,1,0,0,0,0,0,0,0,0,0,0,0,0,0,0,2,0,0,0,0,0.8484849,20,-2
0.0640727291513301,2130,1925,1937,0,0,-0.709801820543635,0,1,0,0,1,0,0,0,0,0,0,0,0,0,0,0,0,5,0,0,1,1,-0.0614574,13,5.6
0.0188007764762213,2135,1925,1939,0,0,-0.735468781197155,0,1,0,0,0,0,0,0,0,0,0,0,0,0,0,0,0,2,0,0,0,1,0.3519164,15,8.5
0.00407291805351947,2140,1925,1938,0,0,-0.743121581143989,0,1,0,0,0,0,0,0,0,0,0,0,0,0,0,0,0,2,0,0,0,1,0.3797898,14,8
0.0371197121560097,2270,1930,1955,0,1,-0.0363434949903965,0,1,1,0,0,3,0,0,1,0,0,0,0,2,0,0,0,2,0,0,1,1,0.9719948,26,10
0.0999814045570754,2330,1934,1940,0,0,-0.744679781401273,0,1,1,0,0,0,0,0,0,0,0,0,0,0,0,1,0,4,0,0,0,0,0.5688074,7,-3.25
0.0115480660097387,2365,1935,1938,0,0,-0.718731226478169,0,1,1,1,0,0,0,0,0,0,0,0,0,0,0,0,0,2,0,0,0,1,0.5185676,4,-1
-0.000180503047101527,2370,1936,1966,0,0,-0.723060665192435,0,1,1,0,0,0,0,0,0,0,0,0,0,0,0,0,0,2,0,0,0,1,0.3854048,31,-9
0.0399331119527919,2385,1936,1951,1,3,0.386352444209627,0,1,1,0,0,3,0,2,1,0,0,0,0,3,1,1,1,2,0,0,1,1,0.9318041,16,10
0.00767372234577169,2420,1937,1939,0,0,-0.774231137416783,0,1,0,0,0,0,0,0,0,0,0,0,0,0,0,0,0,9,0,0,0,1,0.6666086,3,-2.44444444444444
0.0102399644320935,2465,1939,1939,0,0,-0.717312841676777,1,1,1,0,0,0,0,0,0,0,0,0,0,0,0,0,0,2,0,0,0,1,0.8211126,1,1.5
0.113093851216332,2490,1939,1945,0,0,-0.74820195539718,1,1,1,1,0,0,0,0,0,0,0,0,0,0,0,0,0,3,0,1,1,1,0.8211126,7,4.33333333333333
0.0950736681363979,2550,1942,1945,0,0,-0.708633385322546,1,1,0,0,0,0,0,0,0,0,0,0,0,0,0,0,0,43,0,1,0,1,0.8332908,4,0.333333333333333
0.0355242067801764,2560,1943,1946,0,3,0.846451342501868,0,1,0,1,0,3,0,0,1,0,0,1,0,3,1,0,1,2,0,1,1,1,0.0228758,4,0.5
0.103329049718954,2563,1943,1970,0,0,-0.740029002378029,1,1,0,0,0,0,0,0,0,0,0,0,0,0,1,2,1,2,0,1,0,1,0.9299691,28,-9
0.0729701816062396,2570,1944,1946,0,0,-0.381592257632077,1,1,0,0,0,3,0,0,0,0,0,0,0,1,0,0,0,2,0,1,1,1,0.0622331,3,0.5
0.0727772844804229,2571,1944,1946,0,0,-0.349954780873845,1,1,0,0,0,3,0,0,0,0,0,0,0,1,0,0,0,2,0,1,1,1,0.0744282,3,0.5
0.0857273931387399,2575,1944,1955,0,1,-0.753457793364405,1,1,1,0,0,0,0,0,0,0,0,2,0,0,1,1,1,2,0,1,0,1,0.9176471,12,-6
0.100075472701608,3010,1945,1947,0,0,-0.737928649161549,0,1,1,0,0,0,0,0,0,1,0,0,0,0,0,0,0,21,0,1,0,1,0.3419023,3,-1.23809523809524
-0.0118010210367583,3020,1945,1949,0,0,-0.723740215823709,1,1,0,0,0,0,0,0,0,0,1,0,0,0,1,1,1,2,0,1,0,1,0.9299691,5,-8
0.0232235107615504,3025,1945,1965,0,0,-0.725730528228284,1,1,0,0,0,0,0,0,0,0,1,0,0,0,1,2,1,2,0,1,0,1,0.9299691,21,-5.5
0.0338926006800068,3035,1946,1949,0,0,-0.741563633394399,0,1,1,0,1,0,0,0,0,0,0,0,0,0,0,1,0,2,0,0,0,0,0.7349398,4,-6
0.044980039972646,3045,1946,1949,0,0,-0.701343765143574,1,1,0,0,0,0,0,0,0,0,0,0,0,0,1,1,1,2,0,0,0,0,0.7349398,4,1.5
0.0376380835708928,3050,1946,1949,1,1,-0.752301520423923,0,1,0,0,0,0,0,0,0,0,0,0,0,0,1,1,2,2,0,0,0,0,0.5520362,4,-8
0.0527642036633315,3060,1947,1967,0,1,-0.779138903350649,1,1,0,0,0,0,0,0,0,0,0,0,0,0,1,1,1,2,0,0,0,0,1,21,-2.5
0.0106755504283315,3075,1947,2016,0,1,-0.108602892129026,0,1,1,0,1,0,0,1,0,1,0,0,0,1,0,0,0,23,0,0,0,1,1,70,-0.578947368421053
0.0373100662803986,3080,1947,1962,1,2,-0.0913470100849526,0,1,0,0,0,3,0,0,0,0,0,0,0,2,0,0,0,2,0,0,1,1,0.2969503,16,10
0.0361926629434014,3085,1947,1949,1,2,-0.720626211528313,0,1,1,0,1,0,0,0,0,0,0,3,1,0,1,1,3,2,0,0,0,0,0.5142857,3,-7
0.0344420317123706,3090,1947,1949,1,2,-0.724729676902774,0,1,1,0,1,0,0,0,0,0,0,0,0,0,1,1,1,2,0,0,0,0,0.3703704,3,-6.5
0.0402088557943159,3095,1947,1949,0,1,-0.794651184104113,1,1,1,0,1,0,0,0,0,0,0,0,0,0,1,1,1,2,0,0,0,0,0.3703704,3,-7
0.0524850185187926,3100,1947,1967,1,1,-0.728245080657734,0,1,1,0,1,0,0,0,0,0,0,0,0,0,1,1,1,2,0,0,0,0,1,21,-8
0.0472122533661545,3105,1948,1970,1,2,-0.752041570690414,0,1,1,0,1,0,0,0,0,0,0,3,1,0,1,1,3,2,0,0,0,0,0.8421053,23,-7
0.0466056219222449,3110,1948,1972,1,2,-0.769342954354829,0,1,1,0,1,0,0,0,0,0,0,0,0,0,1,1,1,2,0,0,0,0,0.8181818,25,-7
-0.0270653628953433,3115,1948,1970,0,0,-0.725538487180329,1,1,0,0,1,0,0,0,0,0,1,0,0,0,1,2,1,2,0,0,0,1,0.6054422,23,-8
-0.025264714126439,3120,1948,1967,0,0,-0.713189023557734,1,1,0,0,1,0,0,0,0,0,1,0,0,0,1,2,1,2,0,0,0,1,0.6054422,20,-8
-0.0643978708285753,3125,1948,1957,1,5,1.33794711366475,0,1,1,0,0,3,0,3,1,0,0,3,1,4,1,0,2,2,0,0,0,1,0.3598726,10,0
-0.0242190799502463,3130,1948,2011,0,1,1.35110778777962,0,1,1,0,0,3,0,2,0,0,0,0,0,4,1,1,1,11,0,0,0,1,0.6262695,64,10
-0.0206238942195327,3135,1948,1967,0,0,-0.769912439601323,1,1,0,0,1,0,0,0,0,0,1,0,0,0,1,2,1,2,0,0,0,1,0.6344538,20,-8
-0.0254574380144791,3140,1948,1992,0,0,-0.755716697744516,0,1,1,0,0,0,0,0,0,0,1,0,0,0,1,2,1,2,0,0,0,1,0.2398922,45,0.5
0.0465566122336927,3145,1948,1968,0,0,-0.702907441249034,1,1,0,0,1,0,0,0,0,0,0,0,0,0,1,1,1,2,0,0,0,0,0.8421053,21,-7
-0.0169697050628188,3150,1948,2016,0,1,0.640205505481986,0,1,1,0,1,0,0,3,0,1,0,0,0,2,1,1,1,34,0,0,0,1,1,69,-1.66666666666667
0.055784539696698,3155,1948,1967,0,0,-0.736504129160592,0,1,0,0,1,0,0,0,0,0,0,0,0,0,1,1,1,2,0,0,0,0,0.8421053,20,-7
0.0575492435811352,3160,1948,1968,0,0,-0.745741785281428,1,1,0,0,0,0,0,0,0,0,0,0,0,0,1,1,1,2,0,0,0,0,0.8181818,21,-7
0.0572380102944829,3165,1948,1969,0,0,-0.738445293142794,1,1,0,0,1,0,0,0,0,0,0,0,0,0,1,1,1,2,0,0,0,0,0.8421053,22,-7
0.0373678074764802,3170,1948,1968,0,0,-0.671574254291429,1,1,0,0,1,0,0,0,0,0,0,0,0,0,1,1,1,2,0,0,0,0,0.8181818,21,-7
0.061251344600481,3175,1949,1970,0,0,-0.754417715160412,1,1,0,0,1,0,0,0,0,0,0,0,0,0,1,1,1,2,0,0,0,0,1,22,-7
0.000377687224473788,3180,1949,2016,0,1,0.374284590157403,0,1,1,0,1,3,0,3,0,1,0,0,0,2,1,1,1,30,0,0,0,1,0.2752223,68,8.27272727272727
0.0470964543582809,3185,1949,1968,0,0,-0.72178486516136,1,1,0,0,1,0,0,0,0,0,0,0,0,0,1,1,1,2,0,0,0,0,1,20,-7
0.0291662424937086,3205,1950,2016,1,3,1.12245193802601,0,1,1,0,1,0,0,3,1,0,0,0,0,3,1,1,1,22,0,0,0,0,0.9041874,67,-2.2
0.000562805465968719,3210,1951,2016,0,0,-0.763616732929668,0,1,1,0,1,0,0,0,0,1,0,0,0,0,0,0,0,2,0,1,0,1,0.0392568,66,7.5
-0.0120472504076654,3215,1951,2016,0,1,-0.0609022163913585,0,1,1,0,1,0,0,2,0,1,0,0,0,1,0,0,0,3,0,1,0,1,0.0830377,66,10
0.0473027374027859,3220,1951,1960,0,1,0.144496594947275,0,1,1,0,0,3,0,2,0,1,0,0,0,2,0,2,0,2,0,1,1,1,0.036722,10,10
0.000480566492153535,3230,1953,1964,1,3,0.916673268212175,0,1,1,0,1,0,0,2,0,0,0,0,0,3,1,2,1,3,0,1,0,0,0.0885746,12,1.33333333333333
-0.00897728559177528,3235,1953,1970,1,3,0.863335554956077,0,1,1,0,0,3,0,0,1,0,0,1,0,3,0,0,0,2,0,0,1,1,0.1649764,18,1.5
0.00947865396450893,3240,1953,2016,0,0,-0.336672097072972,0,1,1,0,1,3,0,0,0,1,0,0,0,1,0,0,0,2,0,0,1,1,0.0530625,64,3
-0.0763381213572841,3260,1954,2016,0,1,-0.0240592138095286,0,1,1,0,1,0,0,2,0,1,0,0,0,1,1,1,1,8,0,0,0,1,0.1832993,63,6.75
-0.0330106749162046,3270,1954,1980,0,0,-0.34280470544843,0,1,0,0,1,3,0,0,0,1,0,0,0,1,1,0,1,2,0,0,0,1,0.0557347,27,1
-0.00861801934560498,3280,1955,1959,1,2,0.860004235237318,0,1,0,0,0,3,0,0,1,0,0,0,0,3,0,0,0,2,0,0,1,1,0.1156276,5,3
-0.0784586916055732,3285,1955,1991,0,1,1.25287778944417,0,1,1,0,1,0,0,2,0,0,1,0,0,3,1,2,1,8,0,0,0,1,0.7110362,37,-7.375
-0.0103739671248772,3290,1955,1975,0,2,1.07728086569306,0,1,0,0,0,3,1,2,1,0,0,0,0,4,0,0,0,2,0,0,1,1,0.0995343,21,7
-0.0857846615218148,3300,1955,1961,1,3,1.63209533956073,0,1,1,0,0,2,0,3,1,0,0,0,0,5,0,0,0,3,0,0,0,0,0.9665072,7,0
-0.0788496742029379,3305,1955,1962,1,3,1.57438778974735,0,1,1,0,0,0,0,3,1,0,0,0,0,4,0,0,0,2,0,0,0,0,0.9665072,8,-8.5
-0.0877823806453477,3310,1956,1962,1,3,1.58061200673455,0,1,1,0,0,0,0,3,1,0,0,0,0,4,0,0,0,3,0,0,0,0,0.9668823,7,-7.66666666666667
0.0601943758775021,3322,1956,1956,0,0,-0.733451939877973,1,0,0,1,0,0,0,0,0,0,0,0,0,0,0,0,0,3,0,0,1,1,0.1558219,1,10
0.0689831622457092,3325,1957,1974,1,1,-0.70298373050871,0,1,1,0,1,0,0,0,0,0,0,0,0,0,1,2,1,2,0,0,0,0,0.6142415,18,-7
0.018233728028934,3330,1957,1971,0,1,0.12645587531867,0,1,1,0,0,3,0,0,1,0,0,0,0,2,0,0,0,2,0,0,1,1,0.1091902,15,10
-0.0823149358960194,3340,1958,1958,1,3,1.98028093258904,1,1,1,0,0,0,0,3,0,0,0,3,1,3,1,0,2,2,0,0,0,0,0.9068162,1,-7
-0.0877885798070616,3345,1958,1961,1,3,2.05198349018817,1,1,1,0,0,2,0,3,0,0,0,3,1,4,1,0,2,2,0,0,0,0,0.9917051,4,-6.5
0.0267790555877331,3350,1958,1977,1,1,-0.742262094047652,0,1,0,0,0,0,0,0,0,0,0,0,0,0,1,0,1,2,0,0,0,0,0.9068162,20,-6
-0.00286999830376194,3355,1959,2016,0,2,-0.378515558047214,0,1,1,0,0,0,0,0,0,1,0,1,0,1,0,0,0,2,0,0,1,1,0.1920192,58,1.5
-0.0117625295327263,3360,1959,2016,0,2,-0.35544619782021,0,1,1,0,0,0,0,0,0,1,0,1,0,1,0,0,0,2,0,0,1,1,0.3433273,58,7
0.00997058871889961,3365,1959,1979,0,2,-0.405567357705583,0,1,1,0,0,0,0,0,0,1,0,1,0,1,0,0,0,2,0,0,1,1,0.0479605,21,0
-0.0108037154269689,3375,1960,2016,0,1,0.427444016026239,0,1,1,0,1,3,0,2,0,1,0,0,0,3,1,0,1,2,0,0,1,1,0.0238489,57,10
0.00742985635296653,3390,1960,1973,0,2,0.497837255849072,0,1,0,0,0,3,0,2,1,0,0,0,0,3,0,0,0,2,0,0,1,1,0.1068714,14,2
-0.0265161217404748,3395,1960,2016,0,2,1.63182320059108,0,1,1,0,0,3,0,3,0,0,0,0,0,5,0,0,0,4,0,0,1,1,0.2064944,57,-1.75
-0.0600696448657018,3400,1960,1964,1,3,1.71581922401884,0,1,1,0,0,3,0,3,1,0,0,0,0,5,0,0,0,3,0,0,1,0,0.3090143,5,6.33333333333333
0.0445294214155101,3405,1960,1974,0,0,-0.373610655736914,0,1,1,0,0,3,0,0,0,0,0,0,0,1,0,1,0,4,0,0,1,1,0.1951862,15,7.25
-0.0733205284334048,3410,1960,2016,0,2,1.81854170671097,0,1,0,0,0,3,0,3,1,0,0,0,0,5,0,0,0,2,0,0,0,1,0.1068714,57,-1
-0.00430429268355451,3423,1960,1962,1,2,-0.280167291333273,0,1,1,0,0,0,0,0,1,0,0,0,0,1,0,0,0,2,0,0,0,1,0.1139062,3,9
0.0140054853121932,3430,1961,1963,1,2,0.165620756469239,0,1,1,0,0,0,0,3,0,0,0,0,0,1,1,1,1,3,0,0,0,0,0.9812658,3,-8
-0.0354455105376006,3440,1961,1996,1,1,-0.74195430974732,0,1,0,0,1,0,0,0,0,0,1,0,0,0,1,2,1,2,0,0,0,1,0.3601221,36,-7.5
0.0570517676339831,3445,1961,2016,1,2,-0.753427572815123,0,1,0,0,1,0,0,0,0,0,0,1,0,0,1,2,1,2,0,0,0,1,0.8801481,56,-8
0.205723338779039,3455,1961,1964,1,2,0.172500839652665,0,1,1,0,1,0,0,3,0,0,0,0,0,1,1,3,1,14,0,0,0,0,0.954933,4,-4.33333333333333
-0.0777535251067804,3465,1962,1990,1,3,1.99956778910909,1,1,1,0,0,0,0,3,0,0,0,3,1,3,1,0,2,2,0,0,0,0,1,29,-9.5
-0.0520940634950579,3467,1962,1967,1,1,1.00261048310016,0,1,0,0,0,NA,NA,NA,NA,0,0,NA,NA,1,0,0,0,2,0,0,0,0,0.9935083,6,-3.5
-0.0576143710986838,3480,1963,1970,1,3,1.16308177234287,0,1,0,0,0,3,0,2,1,1,0,0,0,4,1,0,1,2,0,0,1,1,0.0843763,8,1.5
0.00818595907670221,3485,1963,2016,1,1,0.0171018583125602,0,1,0,0,0,NA,NA,NA,NA,0,0,NA,NA,0,1,0,1,2,0,0,0,0,1,54,-3.5
-0.0601121951202008,3490,1963,1969,0,1,0.800852548846617,0,1,1,0,0,0,0,2,0,0,0,0,0,2,0,0,0,4,0,0,0,0,1,7,-4.66666666666667
-0.045678823449372,3520,1965,1991,0,0,-0.733357167307288,0,1,0,0,0,0,0,0,0,0,1,0,0,0,1,1,1,2,0,0,0,1,0.7638837,27,-7
0.02160979812558,3525,1965,1971,1,2,0.950653645547949,0,1,0,0,0,3,0,2,0,0,0,0,0,3,1,1,1,2,0,0,1,0,0.7960848,7,4
-0.0763262906408219,3535,1966,1993,1,1,-0.729541750316819,0,1,0,0,0,0,0,0,0,0,1,0,0,0,1,0,1,2,0,0,0,1,0.256712,28,-7
-0.0703472081356378,3538,1966,1967,1,2,1.29419827189339,0,1,0,0,0,NA,NA,2,0,0,0,NA,NA,3,0,0,0,2,0,0,0,0,1,2,-7
0.0419104226042606,3540,1967,1991,0,0,-0.713913896552644,0,1,0,0,0,0,0,0,0,0,0,0,0,0,1,1,1,2,0,0,0,0,1,25,-7
0.0508265764205357,3545,1967,1977,0,0,-0.71816539282938,0,1,0,0,0,0,0,0,0,0,0,0,0,0,1,1,1,2,0,0,0,0,1,11,-8
0.039294038966866,3550,1967,1977,1,1,-0.713153659504013,0,1,0,0,0,0,0,0,0,0,0,0,0,0,1,1,1,2,0,0,0,0,1,11,-8
0.0417026083046047,3555,1967,1993,1,1,-0.766539570786824,0,1,0,0,0,0,0,0,0,0,0,0,0,0,1,1,1,2,0,0,0,0,1,27,-7
-0.0499683312176592,3560,1967,1992,1,1,-0.736915857803797,0,1,1,0,0,0,0,0,0,0,1,0,0,0,1,1,1,2,0,0,0,1,0.7646633,26,-7
0.0370064814631614,3565,1967,1977,1,1,-0.674930809521446,0,1,0,0,0,0,0,0,0,0,0,0,0,0,1,1,1,2,0,0,0,0,1,11,-8
-0.0545692549527017,3570,1967,1979,1,2,0.96959679904705,0,1,1,0,0,0,0,3,0,0,0,0,0,2,0,0,0,3,0,0,0,0,1,13,-7
0.0452709763178344,3575,1967,1977,1,1,-0.772609617659633,0,1,1,0,0,0,0,0,0,0,0,0,0,0,1,1,1,2,0,0,0,0,1,11,-8
-0.0609743665278374,3580,1967,1991,1,1,-0.78391934092145,0,1,1,0,0,0,0,0,0,0,1,0,0,0,1,1,1,2,0,0,0,1,0.7646633,25,-7
0.0129125003093601,3590,1968,1968,1,3,0.155840174426888,0,1,1,0,0,0,0,3,0,0,0,3,1,1,1,1,2,3,0,0,0,0,0.7427466,1,-8.33333333333333
0.0359619299361492,3595,1968,1992,1,1,-0.715341040548579,0,1,0,0,0,0,0,0,0,0,0,0,0,0,1,1,1,2,0,0,0,0,1,25,-3.5
0.0312955949520958,3600,1968,1991,1,1,-0.713707359140227,0,1,0,0,0,0,0,0,0,0,0,0,0,0,1,1,1,2,0,0,0,0,1,24,-7
0.0273743321539167,3605,1968,1991,1,1,-0.743333250521298,0,1,0,0,0,0,0,0,0,0,0,0,0,0,1,1,1,2,0,0,0,0,1,24,-3.5
0.0282649226224151,3610,1968,1994,1,1,-0.731122896197154,0,1,0,0,0,0,0,0,0,0,0,0,0,0,1,1,1,4,0,0,0,0,1,27,-3.5
0.0316816512601388,3620,1969,1991,1,1,-0.711777901145444,0,1,1,0,0,0,0,0,0,0,0,0,0,0,1,1,1,2,0,0,0,0,1,23,-7
-0.0602131755369227,3625,1970,1993,1,1,-0.755272978442353,0,1,1,0,0,0,0,0,0,0,1,0,0,0,1,1,1,4,0,0,0,1,0.7171404,24,-7
-0.0660870457433353,3630,1970,1991,1,1,-0.733990682181981,0,1,1,0,0,0,0,0,0,0,1,0,0,0,1,1,1,2,0,0,0,1,0.7171404,22,-7
0.0284526400871676,3645,1970,1993,1,1,-0.746741878008569,0,1,0,0,0,0,0,0,0,0,0,0,0,0,1,1,1,2,0,0,0,0,0.9916739,24,-7
0.0327491042260641,3650,1970,1992,1,1,-0.763944268262699,0,1,0,0,0,0,0,0,0,0,0,0,0,0,1,1,1,2,0,0,0,0,1,23,-7
-0.0578064078969466,3660,1971,1986,1,1,0.978019505435865,0,1,0,0,0,NA,NA,NA,NA,0,0,NA,NA,1,0,0,0,2,0,0,0,0,0.9725274,16,-7.5
0.0114464235324073,3680,1972,1996,1,1,-0.727624879130048,0,1,0,0,0,0,0,0,0,0,0,0,0,0,1,1,1,2,0,0,0,0,1,25,-7
0.0320195607177654,3695,1972,1990,1,1,-0.73972708114209,0,1,0,0,0,0,0,0,0,0,0,0,0,0,1,1,1,2,0,0,0,0,0.9834847,19,-8
-0.0267025848678228,3700,1972,1979,1,1,0.00466289370650625,0,1,0,0,0,NA,NA,NA,NA,0,0,NA,NA,0,0,0,0,2,0,0,0,0,0.1689944,8,-7
-0.0663004938831776,3725,1974,1981,1,2,1.13707395253203,0,1,0,0,0,NA,NA,NA,1,0,0,NA,NA,2,0,0,0,2,0,0,0,0,0.1553425,8,-7
-0.0195737421995257,3730,1974,2016,1,3,1.22336322190121,0,1,0,0,0,3,0,3,1,0,0,0,0,4,0,0,0,2,0,0,1,1,0.1230068,43,1
-0.0185987603938778,3748,1975,1984,1,1,0.0109207624813053,0,1,0,0,0,NA,NA,NA,NA,0,0,NA,NA,0,0,0,0,2,0,0,0,0,0.9578305,10,-8
-0.102100455152633,3750,1976,1981,0,3,1.36085016756967,0,1,1,0,0,3,0,3,1,1,0,1,0,4,1,0,1,2,0,0,0,1,0.2191736,6,5.5
-0.0466775441851179,3758,1976,1985,1,2,0.787825043391677,0,1,1,0,0,0,0,2,0,0,0,0,0,2,0,0,0,2,0,0,0,0,0.9641137,10,-6.5
0.037270040300268,3770,1977,1990,1,1,-0.731358189553921,0,1,1,0,0,0,0,0,0,0,0,0,0,0,1,1,1,2,0,0,0,0,1,14,-8
0.0380009967909189,3780,1977,1990,1,1,-0.715707984646666,0,1,1,0,0,0,0,0,0,0,0,0,0,0,1,1,1,2,0,0,0,0,1,14,-8
-0.0210069598162119,3785,1977,2000,1,2,0.972637048782338,0,1,1,0,1,0,0,3,0,0,0,0,0,2,0,0,0,7,0,0,0,0,0.7958503,24,-6
0.0292730730610483,3790,1977,2011,1,2,-0.0298397007448624,0,1,0,0,0,3,0,0,1,0,0,0,0,2,0,1,0,2,0,0,1,1,-0.1030202,35,0
-0.0284049364319938,3795,1977,1999,0,1,1.31272397269126,0,1,0,0,0,3,0,3,0,1,0,0,0,4,1,1,1,2,0,0,1,1,0.573762,23,1.5
0.048849023748812,3800,1977,1990,1,1,-0.759714289883915,0,1,1,0,0,0,0,0,0,0,0,0,0,0,1,1,1,2,0,0,0,0,1,14,-8
0.0362589921456253,3805,1977,1990,1,1,-0.753067672360548,0,1,1,0,0,0,0,0,0,0,0,0,0,0,1,1,1,2,0,0,0,0,1,14,-8
0.0105766938674978,3807,1977,1985,1,1,-0.696471599760935,0,1,0,0,0,0,0,0,0,0,0,0,0,0,0,0,0,4,0,0,0,0,0.9596306,9,-8
-0.0133136870136137,3830,1978,2016,1,2,-0.294142200713032,0,1,0,0,0,0,0,0,1,0,0,0,0,1,0,0,0,2,0,0,0,1,0.1449275,39,1.5
0.00496507833970846,3843,1979,1986,1,1,-0.000291425371102304,0,1,0,0,1,NA,NA,NA,NA,0,0,NA,NA,0,0,1,0,2,0,0,0,0,0.8697104,8,-7.5
0.0609798079733824,3860,1980,1982,1,4,0.146843400189981,0,1,0,0,0,0,0,2,0,0,0,2,0,2,1,2,1,2,0,0,1,0,0.1494424,3,-3.5
-0.0890685088653465,3863,1980,1980,1,3,1.97777475031036,1,1,1,0,0,0,0,3,0,0,0,0,0,3,1,0,1,2,0,0,0,0,0.9274624,1,-8
0.0401098438868171,3865,1980,1984,0,2,-0.0487999888320956,0,1,1,1,1,0,0,2,0,0,0,1,0,1,1,0,1,2,0,0,1,0,0.6708617,5,10
-0.0583551216507248,3887,1981,1994,0,0,0.969754749652679,0,1,0,0,0,NA,NA,NA,NA,0,0,NA,NA,1,0,0,0,2,0,0,0,0,0.8980769,14,-2
-0.011339868423115,3895,1981,2016,0,1,0.963437467893694,0,1,0,0,0,0,0,3,0,0,0,0,0,2,0,0,0,14,0,0,0,0,0.8917358,36,-4.85714285714286
0.0186130484866744,3903,1981,1986,1,2,-0.110019624220977,0,1,1,0,0,0,0,1,0,0,0,0,0,1,1,1,1,3,0,0,0,0,0.1750803,6,-7.33333333333333
-0.0541794283543887,3925,1981,1991,0,1,0.788174151402302,0,1,1,0,0,0,0,2,0,1,0,0,0,2,0,0,0,2,0,0,1,1,0.0319571,11,8
-0.0867180195626821,3930,1981,1989,1,4,2.07846091578521,1,1,1,0,0,2,0,3,0,0,0,3,1,4,1,0,2,2,0,0,0,0,0.9471288,9,3
0.00930766783129051,3960,1984,1986,1,2,0.14900250718998,0,1,1,0,0,0,0,3,0,0,0,0,0,1,1,1,1,2,0,0,0,0,0.9396302,3,-7.5
0.0714149528284057,3963,1984,1989,1,3,-0.0335193634891748,0,1,0,1,0,0,0,2,0,0,0,0,0,1,1,2,1,2,0,0,1,0,0.029589,6,-7
-0.0280182754643845,3975,1986,2016,1,1,0.014531045985448,0,1,0,0,0,NA,NA,NA,NA,0,0,NA,NA,0,0,0,0,2,0,0,0,0,0.6610526,31,-8
-0.0221622089516509,3995,1989,2016,1,2,0.158405261355861,0,1,1,0,0,0,0,3,0,0,0,0,0,1,1,2,1,5,0,0,0,0,0.378808,28,-5.8
0.0701818959905702,4020,1991,1991,1,2,0.142358657024859,0,1,0,0,0,3,0,2,0,0,0,0,0,2,0,1,0,2,0,1,1,0,-0.0769567,1,0
-0.0300333572404063,4030,1991,2016,1,3,1.07393046051141,0,1,1,0,0,3,0,3,0,0,0,0,0,3,1,1,1,2,0,0,0,0,0.9902287,26,-9
0.00441835151259308,4175,1992,2016,1,2,1.53579946569257,0,1,1,0,0,0,1,3,0,0,0,0,0,2,1,1,1,28,0,0,0,1,0.4926419,25,9.91666666666667
0.00456115584102024,4220,1992,2016,1,2,1.4308574850256,0,1,1,0,1,0,0,3,0,0,0,0,0,3,0,2,0,9,0,0,0,1,0.4302008,25,-1.5
0.0294261588393183,4235,1992,2016,0,4,0.841644268127346,0,1,1,0,1,0,0,1,0,0,0,3,1,3,1,3,2,2,0,0,0,1,0.7153721,25,1
-0.0243513259589999,4245,1992,2016,1,2,1.70451674035856,0,1,1,0,1,0,0,1,0,0,0,0,0,3,1,2,1,2,0,0,0,1,0.4395418,25,-2
0.00355155110472725,4255,1992,2016,1,3,1.27472396035722,0,1,1,1,1,2,1,1,0,0,0,0,0,4,1,3,1,2,0,0,0,1,0.4302008,25,1
0.0682268368716457,4276,1992,1998,1,4,-0.258448086375124,0,1,1,0,0,0,0,0,1,0,0,3,1,1,1,3,2,2,0,0,0,0,0.7140832,7,-6
-0.00434486970042334,4295,1992,2016,0,1,-0.117711581596268,0,1,0,0,0,0,0,1,0,0,0,0,0,1,1,0,1,2,0,0,0,0,0.9892601,25,-1.5
-0.0249114650691635,4300,1992,2002,0,2,1.6792873061251,0,1,1,0,1,0,0,1,0,0,0,0,0,3,1,2,1,2,0,0,0,1,0.5532421,11,-2
-0.00928357345275347,4335,1992,1996,1,3,0.979589728405398,0,1,0,0,0,3,NA,NA,1,0,0,3,1,2,1,0,2,2,0,0,1,0,0.9814092,5,-6
0.0253139837119336,4370,1992,2016,1,3,-0.131735035981468,0,1,1,0,0,0,0,1,0,0,0,0,0,1,1,1,1,2,0,0,0,0,0.9922751,25,8.5
-0.0139523370450198,4400,1993,2016,1,3,1.96853175028881,0,1,1,0,1,0,0,3,0,0,0,0,0,3,1,1,1,9,0,0,0,1,0.5232372,24,-0.333333333333333
-0.0255583400686301,4470,1993,2016,1,4,2.09540830956793,0,1,1,1,1,3,0,1,1,0,0,0,0,6,1,3,1,2,0,0,0,1,0.7903535,24,-1.5
0.0659227315927383,4481,1993,1997,1,3,-0.266160592213449,0,1,1,0,1,0,0,0,1,0,0,0,0,1,1,3,1,2,0,0,0,0,0.7557383,5,-3
0.0734260714618686,4550,1994,2016,1,1,-0.78367492343112,0,1,0,0,0,0,0,0,0,0,0,0,0,0,0,1,0,2,0,1,0,0,0.645147,23,2.5
-0.0648597321695352,4865,1997,2016,1,3,1.53646311301359,0,1,1,0,0,0,0,3,0,0,0,3,1,2,1,0,2,2,0,0,0,1,0.8962024,20,-2
0.0856732497235565,4867,1997,2016,1,1,-0.748815889526898,0,1,1,0,0,0,0,0,0,0,0,0,0,0,1,3,1,2,0,0,0,0,0.9899278,20,-3.5
0.035171899642235,4890,1997,2016,1,3,0.738852074440826,0,1,1,0,1,0,0,0,1,0,0,0,0,2,1,3,1,2,0,0,0,1,0.8800741,20,-1.5
0.0132099078544483,4900,1998,2016,1,1,-0.759288315028128,0,1,1,0,0,0,0,0,0,0,0,0,0,0,0,0,0,2,0,0,0,0,0.745405,19,2.5
-0.0406233771216791,4920,1999,2001,1,3,0.816571018849482,0,1,0,0,0,NA,NA,2,1,0,0,NA,NA,2,0,0,0,4,0,0,0,0,0.8352125,3,0
-0.0474735664151784,4945,2000,2016,1,2,1.42735808649557,0,1,0,0,1,0,0,3,0,0,0,0,0,3,1,1,1,11,0,0,0,0,0.785063,17,-2.5
0.0983774930567272,4951,2000,2016,0,1,-0.778308462487207,0,1,1,0,1,0,0,0,0,0,0,0,0,0,1,3,1,2,0,0,0,0,0.9804564,17,-5
-0.0997270117954318,4965,2000,2016,1,2,1.0859928557368,0,1,0,0,0,NA,NA,3,NA,0,0,NA,NA,1,0,0,0,6,0,0,0,0,0.9938224,17,-8.83333333333333
-0.0206572928516742,4985,2001,2016,0,2,1.11184882475802,0,1,1,0,1,0,0,3,1,0,0,0,0,3,0,2,0,14,0,0,0,0,0.205635,16,2.76923076923077
-0.00948039906508604,5040,2003,2016,1,3,-0.0280564451177481,0,1,0,0,0,0,0,2,0,0,0,1,0,1,1,0,2,2,0,0,0,0,0.9900482,14,-4.5
0.0676955081793267,5055,2005,2016,1,3,1.08253012270854,0,1,0,0,1,0,0,3,0,0,0,0,0,3,0,3,0,21,0,0,0,0,0.7751907,12,1.77777777777778
-0.00864788053054453,5075,2005,2016,1,3,-0.0725528494185533,0,1,1,0,0,2,0,0,1,0,0,0,0,2,1,0,1,2,0,0,0,1,0.8139535,12,-1.5
0.0549827585833949,5090,2006,2016,0,2,0.129259936173721,0,1,0,0,1,0,0,3,0,0,0,1,0,1,1,2,1,12,0,0,0,0,0.5284863,11,0.727272727272727
